flickr_id,mos,width,height,pixfmt,framerate,nb_frames,bitdepth,bitrate
3339962845.mp4,4.64,960,540,yuv420p,29.97002997,240,8,704684
8171831850.mp4,4.444029851,960,540,yuv420p,29.97002997,240,8,1476951
6076608135.mp4,4.4,960,540,yuv420p,29.97002997,240,8,1638438
8751538577.mp4,4.4,960,540,yuv420p,23.976,192,8,2429441
7518773518.mp4,4.32,960,540,yuv420p,23.97602398,192,8,1810853
8657921837.mp4,4.3,960,540,yuv420p,24,192,8,1177582
8758952624.mp4,4.3,960,540,yuv420p,29.97,240,8,1128286
9571377943.mp4,4.28,960,540,yuv420p,23.976,192,8,1881877
8562619627.mp4,4.26,960,540,yuv420p,25,200,8,825895
12262452854.mp4,4.24,960,540,yuv420p,24,192,8,931300
12379836133.mp4,4.24,960,540,yuv420p,25,200,8,1121599
12355531285.mp4,4.22,960,540,yuv420p,29.97,240,8,944696
6947112934.mp4,4.18,960,540,yuv420p,25,200,8,367755
4675931801.mp4,4.16,960,540,yuv420p,29.97002997,240,8,3026979
6787309364.mp4,4.16,960,540,yuv420p,29.97002997,240,8,1118620
5391431291.mp4,4.151851852,960,540,yuv420p,23.97602398,192,8,789981
10244479353.mp4,4.14,960,540,yuv420p,29.97,240,8,1383754
10283826203.mp4,4.14,960,540,yuv420p,29.97,240,8,752153
10595581344.mp4,4.14,960,540,yuv420p,29.97,240,8,1130126
4779773181.mp4,4.14,960,540,yuv420p,25,200,8,285499
8286421427.mp4,4.14,960,540,yuv420p,25,200,8,886728
11618284403.mp4,4.12,960,540,yuv420p,29.97002997,240,8,2649204
5893119747.mp4,4.12,960,540,yuv420p,25,200,8,2229893
6913535960.mp4,4.106299213,960,540,yuv420p,25,200,8,1798056
13288073854.mp4,4.1,960,540,yuv420p,25,200,8,711872
5355837503.mp4,4.1,960,540,yuv420p,23.97602398,192,8,2408894
11540616946.mp4,4.08,960,540,yuv420p,29.97,240,8,1494137
3407992311.mp4,4.08,960,540,yuv420p,29.97002997,240,8,2044427
9633321480.mp4,4.08,960,540,yuv420p,24,192,8,931748
10008004183.mp4,4.06,960,540,yuv420p,25,200,8,2057360
7177696763.mp4,4.06,960,540,yuv420p,24,192,8,877865
5477809421.mp4,4.04,960,540,yuv420p,29.97002997,240,8,3801792
5489207006.mp4,4.04,960,540,yuv420p,29.97002997,240,8,1186736
6900620920.mp4,4.04,960,540,yuv420p,24,192,8,900082
9060241382.mp4,4.04,960,540,yuv420p,25,200,8,2157760
9480678073.mp4,4.04,960,540,yuv420p,29.97,240,8,1748779
9513903384.mp4,4.04,960,540,yuv420p,29.97,240,8,3865713
9917916796.mp4,4.04,960,540,yuv420p,29.97,240,8,1741099
12378508014.mp4,4.035573123,960,540,yuv420p,25,200,8,877517
3369925072.mp4,4.02,960,540,yuv420p,29.97002997,240,8,1093971
3863745355.mp4,4.02,960,540,yuv420p,23.97602398,192,8,952948
3963620197.mp4,4.02,960,540,yuv420p,23.97602398,192,8,1285852
4329911079.mp4,4.02,960,540,yuv420p,29.97002997,240,8,1189928
6137257339.mp4,4.02,960,540,yuv420p,29.97002997,240,8,615853
8667534666.mp4,4.02,960,540,yuv420p,29.97002997,240,8,5856332
8701032421.mp4,4.02,960,540,yuv420p,23.97602398,192,8,1038639
9709640314.mp4,4.02,960,540,yuv420p,29.97,240,8,1019154
12123666684.mp4,4,960,540,yuv420p,29.97002997,240,8,2229589
6914710581.mp4,4,960,540,yuv420p,24,192,8,855821
4549036485.mp4,3.992481203,960,540,yuv420p,29.97002997,240,8,575327
4273096444.mp4,3.98,960,540,yuv420p,29.97002997,240,8,772861
4800261002.mp4,3.98,960,540,yuv420p,29.97002997,240,8,755102
9464591256.mp4,3.98,960,540,yuv420p,23.976,192,8,1809675
12255205254.mp4,3.96,960,540,yuv420p,25,200,8,696054
7977126554.mp4,3.96,960,540,yuv420p,29.97002997,240,8,567916
8182527128.mp4,3.96,960,540,yuv420p,29.97002997,240,8,1800228
8420230247.mp4,3.96,960,540,yuv420p,29.97002997,240,8,1422331
6528988807.mp4,3.94488189,960,540,yuv420p,24,192,8,954892
10149337843.mp4,3.94,960,540,yuv420p,29.97,240,8,1571280
11465976586.mp4,3.94,960,540,yuv420p,29.97,240,8,2408637
11535683914.mp4,3.94,960,540,yuv420p,29.97002997,240,8,1347525
4655662252.mp4,3.94,960,540,yuv420p,29.97002997,240,8,1398576
7029270875.mp4,3.94,960,540,yuv420p,23.97602398,192,8,1229139
8859509880.mp4,3.94,960,540,yuv420p,29.97,240,8,1258407
11383768246.mp4,3.92,960,540,yuv420p,29.97002997,240,8,1457306
5487345956.mp4,3.92,960,540,yuv420p,29.97002997,240,8,987763
5875944717.mp4,3.92,960,540,yuv420p,25,200,8,935473
6492110563.mp4,3.92,960,540,yuv420p,29.97002997,240,8,720718
6949440526.mp4,3.92,960,540,yuv420p,29.97002997,240,8,1482776
7197025396.mp4,3.92,960,540,yuv420p,29.97002997,240,8,2878875
7385692814.mp4,3.92,960,540,yuv420p,29.97002997,240,8,4541881
7832506570.mp4,3.92,960,540,yuv420p,29.97002997,240,8,1096342
8052505414.mp4,3.92,960,540,yuv420p,29.97002997,240,8,2819290
8172276744.mp4,3.92,960,540,yuv420p,29.97002997,240,8,3191818
8440192357.mp4,3.92,960,540,yuv420p,29.97002997,240,8,1436253
11864752706.mp4,3.9,960,540,yuv420p,29.97002997,240,8,2409011
12704590184.mp4,3.9,960,540,yuv420p,23.97602398,192,8,1820835
4417558772.mp4,3.9,960,540,yuv420p,29.97002997,240,8,1429592
4495254692.mp4,3.9,960,540,yuv420p,23.97602398,191,8,457671
4545845826.mp4,3.9,960,540,yuv420p,29.97002997,240,8,810509
5562932712.mp4,3.9,960,540,yuv420p,23.97602398,192,8,1599683
8414555471.mp4,3.9,960,540,yuv420p,25,200,8,739731
8751856572.mp4,3.9,960,540,yuv420p,29.97,240,8,2277482
8937776831.mp4,3.9,960,540,yuv420p,29.97,240,8,893549
8953002659.mp4,3.9,960,540,yuv420p,29.97,240,8,1539093
10636855406.mp4,3.88,960,540,yuv420p,29.97,240,8,2962138
12101500915.mp4,3.88,960,540,yuv420p,29.97002997,240,8,1565137
12465909365.mp4,3.88,960,540,yuv420p,29.97,240,8,651744
4713503488.mp4,3.88,960,540,yuv420p,23.97602398,192,8,1798643
5279319629.mp4,3.88,960,540,yuv420p,29.97002997,240,8,4304076
8588854353.mp4,3.88,960,540,yuv420p,23.97602398,192,8,1124374
9583034514.mp4,3.88,960,540,yuv420p,29.97,240,8,2668088
5669052182.mp4,3.879844961,960,540,yuv420p,29.97002997,240,8,1102973
4279268661.mp4,3.86,960,540,yuv420p,29.97002997,240,8,2129697
4482595368.mp4,3.86,960,540,yuv420p,29.97002997,240,8,963234
5154464760.mp4,3.86,960,540,yuv420p,25,200,8,1899693
5280283886.mp4,3.86,960,540,yuv420p,29.97002997,240,8,920666
8991258489.mp4,3.86,960,540,yuv420p,24,192,8,2721051
9525693928.mp4,3.86,960,540,yuv420p,29.97,240,8,857847
5360605734.mp4,3.84,960,540,yuv420p,29.97002997,240,8,1909530
5831253770.mp4,3.84,960,540,yuv420p,29.97002997,240,8,816398
5917982116.mp4,3.84,960,540,yuv420p,29.97002997,240,8,2011594
6798366426.mp4,3.84,960,540,yuv420p,23.97602398,192,8,741569
8331955206.mp4,3.84,960,540,yuv420p,29.97002997,240,8,1397068
9267867823.mp4,3.84,960,540,yuv420p,29.97,240,8,2699752
9680817388.mp4,3.84,960,540,yuv420p,29.97,240,8,2290102
9724431856.mp4,3.84,960,540,yuv420p,29.97,240,8,612130
9753414792.mp4,3.84,960,540,yuv420p,29.97,240,8,3697989
4803433208.mp4,3.823529412,960,540,yuv420p,29.97002997,240,8,1013625
3747645672.mp4,3.82,960,540,yuv420p,24,192,8,799927
4029116553.mp4,3.82,960,540,yuv420p,23.97602398,192,8,456498
5660712402.mp4,3.82,960,540,yuv420p,29.97002997,240,8,1183200
6313769652.mp4,3.82,960,540,yuv420p,29.97002997,240,8,1139728
6971190423.mp4,3.82,960,540,yuv420p,29.97002997,240,8,600671
8431144343.mp4,3.82,960,540,yuv420p,24,192,8,1026092
9542585542.mp4,3.82,960,540,yuv420p,29.97,240,8,1476433
9617144245.mp4,3.82,960,540,yuv420p,29.97,232,8,1586466
10027007645.mp4,3.8,960,540,yuv420p,29.97,240,8,1163573
3489123822.mp4,3.8,960,540,yuv420p,24,192,8,3184117
5338017301.mp4,3.8,960,540,yuv420p,29.97002997,240,8,2922038
6538025379.mp4,3.8,960,540,yuv420p,29.97002997,240,8,2043424
7066660513.mp4,3.8,960,540,yuv420p,29.97002997,240,8,636577
7954124226.mp4,3.8,960,540,yuv420p,29.97002997,240,8,1826531
8646141367.mp4,3.8,960,540,yuv420p,25,200,8,1083680
8679156964.mp4,3.8,960,540,yuv420p,25,200,8,1168464
8738388681.mp4,3.8,960,540,yuv420p,29.97002997,240,8,1767853
9095814754.mp4,3.8,960,540,yuv420p,23.976,192,8,1576239
9390723258.mp4,3.8,960,540,yuv420p,29.97,240,8,2965768
9513714022.mp4,3.8,960,540,yuv420p,29.97,240,8,2016951
9740517228.mp4,3.8,960,540,yuv420p,23.976,192,8,1959189
8995404511.mp4,3.798245614,960,540,yuv420p,29.97,240,8,3386033
3358799122.mp4,3.785714286,960,540,yuv420p,29.97002997,240,8,2384477
4297792287.mp4,3.78,960,540,yuv420p,25,200,8,1417115
4975471705.mp4,3.78,960,540,yuv420p,29.97002997,240,8,1619296
5688399126.mp4,3.78,960,540,yuv420p,29.97002997,240,8,1309024
5770178686.mp4,3.78,960,540,yuv420p,23.97602398,192,8,837328
6313200205.mp4,3.78,960,540,yuv420p,29.97002997,240,8,1714138
7644822866.mp4,3.78,960,540,yuv420p,29.97002997,240,8,1438461
9515797648.mp4,3.78,960,540,yuv420p,29.97,240,8,925422
11013388203.mp4,3.76,960,540,yuv420p,23.97602398,192,8,783067
11816978255.mp4,3.76,960,540,yuv420p,25,200,8,568975
4313579496.mp4,3.76,960,540,yuv420p,24,192,8,364638
6416725133.mp4,3.76,960,540,yuv420p,29.97002997,240,8,2301884
6806699713.mp4,3.76,960,540,yuv420p,29.97002997,240,8,1698180
7274180028.mp4,3.76,960,540,yuv420p,23.97602398,192,8,1893575
7667993154.mp4,3.76,960,540,yuv420p,29.97002997,240,8,1340488
8118947664.mp4,3.76,960,540,yuv420p,29.97002997,240,8,1957253
8331282929.mp4,3.76,960,540,yuv420p,23.97602398,192,8,1687850
10013374164.mp4,3.74,960,540,yuv420p,29.97,240,8,2436864
10541657773.mp4,3.74,960,540,yuv420p,24,192,8,1339770
5212573386.mp4,3.74,960,540,yuv420p,29.97002997,240,8,783344
5705527370.mp4,3.74,960,540,yuv420p,29.97002997,240,8,1376004
7383994638.mp4,3.74,960,540,yuv420p,29.97002997,240,8,1402970
7983610133.mp4,3.74,960,540,yuv420p,29.97002997,240,8,1696406
8442879599.mp4,3.74,960,540,yuv420p,29.97002997,240,8,2291096
8480588816.mp4,3.74,960,540,yuv420p,29.97002997,240,8,1201818
8494495600.mp4,3.74,960,540,yuv420p,23.97602398,192,8,740352
8587384006.mp4,3.74,960,540,yuv420p,29.97002997,240,8,2820185
9258419063.mp4,3.74,960,540,yuv420p,25,200,8,905148
9812351333.mp4,3.74,960,540,yuv420p,29.97,240,8,2939207
12279842993.mp4,3.72,960,540,yuv420p,29.97,240,8,3273965
12859019173.mp4,3.72,960,540,yuv420p,29.97002997,240,8,2683947
3819966572.mp4,3.72,960,540,yuv420p,29.97002997,240,8,2705556
3975461732.mp4,3.72,960,540,yuv420p,29.97002997,240,8,1108130
4201416279.mp4,3.72,960,540,yuv420p,29.97002997,240,8,2546418
4980230630.mp4,3.72,960,540,yuv420p,29.97002997,240,8,1696504
6373417661.mp4,3.72,960,540,yuv420p,23.97602398,192,8,1954246
6677269327.mp4,3.72,960,540,yuv420p,29.97002997,240,8,2465942
6772996477.mp4,3.72,960,540,yuv420p,23.97602398,192,8,2744302
6844033217.mp4,3.72,960,540,yuv420p,29.97002997,240,8,1236428
8429349812.mp4,3.72,960,540,yuv420p,29.97002997,240,8,3413750
8773297527.mp4,3.72,960,540,yuv420p,29.97,240,8,4870983
9478631712.mp4,3.706349206,960,540,yuv420p,29.97,240,8,966247
10019485755.mp4,3.7,960,540,yuv420p,29.97,240,8,1356961
10837320963.mp4,3.7,960,540,yuv420p,25,200,8,985477
11646665363.mp4,3.7,960,540,yuv420p,29.97002997,240,8,1326403
4363644898.mp4,3.7,960,540,yuv420p,29.97002997,240,8,2245009
4673672619.mp4,3.7,960,540,yuv420p,29.97002997,240,8,2420161
4712606231.mp4,3.7,960,540,yuv420p,29.97002997,240,8,4105152
5340069287.mp4,3.7,960,540,yuv420p,29.97002997,240,8,696866
5756899543.mp4,3.7,960,540,yuv420p,29.97002997,240,8,1436518
6598948831.mp4,3.7,960,540,yuv420p,29.97002997,240,8,1289399
7849542524.mp4,3.7,960,540,yuv420p,29.97002997,240,8,2240527
8730797431.mp4,3.7,960,540,yuv420p,29.97002997,240,8,1570762
8931854960.mp4,3.7,960,540,yuv420p,29.97,240,8,1542272
3459410764.mp4,3.692946058,960,540,yuv420p,29.97002997,240,8,1934818
10115791113.mp4,3.68,960,540,yuv420p,29.97,240,8,2356283
10403478556.mp4,3.68,960,540,yuv420p,23.976,192,8,3357772
12623549414.mp4,3.68,960,540,yuv420p,29.97,240,8,1526889
13079468475.mp4,3.68,960,540,yuv420p,29.97,240,8,1342211
4283455837.mp4,3.68,960,540,yuv420p,29.97002997,240,8,1231799
5341444640.mp4,3.68,960,540,yuv420p,23.97602398,192,8,1976672
5739175520.mp4,3.68,960,540,yuv420p,29.97002997,240,8,943736
5831807090.mp4,3.68,960,540,yuv420p,29.97002997,240,8,4606802
6027407703.mp4,3.68,960,540,yuv420p,29.97002997,240,8,1316154
6293871635.mp4,3.68,960,540,yuv420p,29.97002997,240,8,363378
6514514177.mp4,3.68,960,540,yuv420p,23.97602398,192,8,1462006
6847647728.mp4,3.68,960,540,yuv420p,29.97002997,240,8,852751
6867862287.mp4,3.68,960,540,yuv420p,29.97002997,240,8,855621
7313643370.mp4,3.68,960,540,yuv420p,29.97002997,240,8,2200779
8088901520.mp4,3.68,960,540,yuv420p,29.97002997,240,8,1078631
8252040986.mp4,3.68,960,540,yuv420p,29.97002997,240,8,2162069
8915047035.mp4,3.68,960,540,yuv420p,29.97,240,8,3613168
8741017589.mp4,3.676470588,960,540,yuv420p,29.97,240,8,3559295
3588022983.mp4,3.66,960,540,yuv420p,24,192,8,3158568
3718963712.mp4,3.66,960,540,yuv420p,24,192,8,680347
4161940753.mp4,3.66,960,540,yuv420p,24,192,8,2119463
4227960041.mp4,3.66,960,540,yuv420p,29.97002997,240,8,1636405
5596033251.mp4,3.66,960,540,yuv420p,23.97602398,192,8,1227942
8510251919.mp4,3.66,960,540,yuv420p,29.97002997,240,8,735967
8631895364.mp4,3.66,960,540,yuv420p,29.97002997,240,8,1429425
8683385786.mp4,3.66,960,540,yuv420p,29.97002997,240,8,2791681
8955950667.mp4,3.66,960,540,yuv420p,29.97,240,8,1186310
9802042845.mp4,3.66,960,540,yuv420p,29.97,240,8,1338851
10931366544.mp4,3.64,960,540,yuv420p,23.97602398,192,8,1425353
13154058393.mp4,3.64,960,540,yuv420p,23.97602398,192,8,1816769
3546788918.mp4,3.64,960,540,yuv420p,29.97002997,240,8,2021292
5082292308.mp4,3.64,960,540,yuv420p,29.97002997,240,8,1089638
5263204150.mp4,3.64,960,540,yuv420p,29.97002997,240,8,1052319
5632758635.mp4,3.64,960,540,yuv420p,29.97002997,240,8,1291417
7396603710.mp4,3.64,960,540,yuv420p,29.97002997,240,8,1262473
7992241767.mp4,3.64,960,540,yuv420p,29.97002997,240,8,2752595
8069880437.mp4,3.64,960,540,yuv420p,29.97002997,240,8,1115536
8195185860.mp4,3.64,960,540,yuv420p,29.97002997,240,8,1349726
8717647202.mp4,3.64,960,540,yuv420p,25,200,8,2576868
5011231037.mp4,3.62195122,960,540,yuv420p,29.97002997,240,8,676938
3948863216.mp4,3.62,960,540,yuv420p,24,192,8,1909747
4484771725.mp4,3.62,960,540,yuv420p,29.97002997,240,8,2402519
5693366090.mp4,3.62,960,540,yuv420p,29.97002997,240,8,1954931
6107338487.mp4,3.62,960,540,yuv420p,25,200,8,581362
6625655725.mp4,3.62,960,540,yuv420p,29.97002997,240,8,1375751
6694553789.mp4,3.62,960,540,yuv420p,29.97002997,240,8,1634264
6932589551.mp4,3.62,960,540,yuv420p,29.97002997,240,8,695548
8355599976.mp4,3.62,960,540,yuv420p,23.97602398,192,8,3508135
12088104156.mp4,3.6,960,540,yuv420p,29.97002997,240,8,2559550
13286356624.mp4,3.6,960,540,yuv420p,29.97002997,240,8,2473377
3516162818.mp4,3.6,960,540,yuv420p,29.97002997,240,8,325844
3611217365.mp4,3.6,960,540,yuv420p,23.97602398,192,8,2331724
3860380907.mp4,3.6,960,540,yuv420p,29.97002997,240,8,869908
4375496636.mp4,3.6,960,540,yuv420p,29.97002997,240,8,2891180
5029525594.mp4,3.6,960,540,yuv420p,29.97002997,240,8,2594644
5067647428.mp4,3.6,960,540,yuv420p,29.97002997,240,8,3433129
5516081814.mp4,3.6,960,540,yuv420p,24,192,8,1363015
6106291030.mp4,3.6,960,540,yuv420p,23.97602398,192,8,2059389
7198853624.mp4,3.6,960,540,yuv420p,23.97602398,192,8,1183179
7358630018.mp4,3.6,960,540,yuv420p,23.97602398,192,8,820846
7500126174.mp4,3.6,960,540,yuv420p,24,192,8,954342
7703064692.mp4,3.6,960,540,yuv420p,29.97002997,240,8,976547
8589300397.mp4,3.6,960,540,yuv420p,29.97002997,240,8,1775602
8965205906.mp4,3.6,960,540,yuv420p,29.97,240,8,1281300
9521557660.mp4,3.6,960,540,yuv420p,24,192,8,2148460
12893918213.mp4,3.599236641,960,540,yuv420p,29.97,240,8,1355402
5003956763.mp4,3.598455598,960,540,yuv420p,29.97002997,240,8,2351046
12382276334.mp4,3.586872587,960,540,yuv420p,25,200,8,1285389
10657154643.mp4,3.58,960,540,yuv420p,29.97,240,8,2561164
5140332158.mp4,3.58,960,540,yuv420p,29.97002997,240,8,817375
5816132223.mp4,3.58,960,540,yuv420p,29.97002997,240,8,1849311
6249802707.mp4,3.58,960,540,yuv420p,29.97002997,240,8,1612165
6300963347.mp4,3.58,960,540,yuv420p,29.97002997,240,8,864942
7935377214.mp4,3.58,960,540,yuv420p,29.97002997,240,8,4311576
7986004475.mp4,3.58,960,540,yuv420p,25,200,8,2085171
8147563408.mp4,3.58,960,540,yuv420p,29.97002997,229,8,1307535
8476574247.mp4,3.58,960,540,yuv420p,29.97002997,240,8,1221379
8552723245.mp4,3.58,960,540,yuv420p,23.97602398,192,8,1622191
8610122536.mp4,3.58,960,540,yuv420p,29.97002997,240,8,1848298
9363436148.mp4,3.58,960,540,yuv420p,29.97,240,8,818952
9725289895.mp4,3.58,960,540,yuv420p,29.97,240,8,1523302
3722785424.mp4,3.571428571,960,540,yuv420p,29.97002997,240,8,763234
5678628993.mp4,3.567226891,960,540,yuv420p,29.97002997,240,8,959658
11803329033.mp4,3.56,960,540,yuv420p,29.97,240,8,2583583
13036222674.mp4,3.56,960,540,yuv420p,29.97,240,8,3314944
3647017501.mp4,3.56,960,540,yuv420p,23.97602398,192,8,922996
4397381332.mp4,3.56,960,540,yuv420p,29.97002997,240,8,1891050
5690367902.mp4,3.56,960,540,yuv420p,29.97002997,240,8,2466789
5914289359.mp4,3.56,960,540,yuv420p,29.97002997,240,8,2634858
8229018279.mp4,3.56,960,540,yuv420p,29.97002997,240,8,2182459
8886176135.mp4,3.56,960,540,yuv420p,29.97,240,8,3007308
8957212602.mp4,3.56,960,540,yuv420p,29.97,240,8,1611302
9586728257.mp4,3.56,960,540,yuv420p,29.97,240,8,1195210
9830655414.mp4,3.56,960,540,yuv420p,29.97,240,8,1864222
12893008605.mp4,3.55465587,960,540,yuv420p,29.97,240,8,3648465
3488252741.mp4,3.54,960,540,yuv420p,23.97602398,192,8,2882626
3521396571.mp4,3.54,960,540,yuv420p,29.97002997,240,8,1012220
3860907449.mp4,3.54,960,540,yuv420p,24,192,8,1519185
4837816091.mp4,3.54,960,540,yuv420p,23.97602398,192,8,912973
5215773911.mp4,3.54,960,540,yuv420p,29.97002997,240,8,1287919
5941263615.mp4,3.54,960,540,yuv420p,25,200,8,5915823
6368379561.mp4,3.54,960,540,yuv420p,29.97002997,240,8,4115635
6716265511.mp4,3.54,960,540,yuv420p,24,192,8,1394511
7057951213.mp4,3.54,960,540,yuv420p,29.97002997,240,8,1422894
7360639566.mp4,3.54,960,540,yuv420p,29.97002997,240,8,3107735
8201673711.mp4,3.54,960,540,yuv420p,29.97002997,240,8,1955572
8487362151.mp4,3.54,960,540,yuv420p,29.97002997,240,8,2541424
8587203405.mp4,3.54,960,540,yuv420p,29.97002997,240,8,1090223
8616015387.mp4,3.54,960,540,yuv420p,29.97002997,240,8,503683
5583994811.mp4,3.529166667,960,540,yuv420p,29.97002997,240,8,1899400
4373113207.mp4,3.52,960,540,yuv420p,29.97002997,240,8,2363298
4620516469.mp4,3.52,960,540,yuv420p,23.97602398,192,8,810651
4642629203.mp4,3.52,960,540,yuv420p,23.97602398,192,8,1664405
5028474013.mp4,3.52,960,540,yuv420p,29.97002997,240,8,2989051
5307981340.mp4,3.52,960,540,yuv420p,29.97002997,240,8,4456127
5459565205.mp4,3.52,960,540,yuv420p,29.97002997,237,8,1899861
5465225347.mp4,3.52,960,540,yuv420p,29.97002997,226,8,1607162
5882410880.mp4,3.52,960,540,yuv420p,29.97002997,240,8,2571422
6809728071.mp4,3.52,960,540,yuv420p,29.97002997,240,8,1539617
7585780552.mp4,3.52,960,540,yuv420p,29.97002997,240,8,2097170
8664958871.mp4,3.52,960,540,yuv420p,25,200,8,760223
12277706754.mp4,3.5,960,540,yuv420p,29.97,240,8,4023384
12412571563.mp4,3.5,960,540,yuv420p,29.97,240,8,3141773
3437816776.mp4,3.5,960,540,yuv420p,24,192,8,815336
3459287580.mp4,3.5,960,540,yuv420p,23.97602398,192,8,1789140
4567868868.mp4,3.5,960,540,yuv420p,29.97002997,240,8,2676131
4942462682.mp4,3.5,960,540,yuv420p,29.97002997,240,8,4020702
5079146602.mp4,3.5,960,540,yuv420p,24,192,8,876767
5379891328.mp4,3.5,960,540,yuv420p,29.97002997,240,8,1741581
5845660280.mp4,3.5,960,540,yuv420p,25,200,8,2669414
6272702003.mp4,3.5,960,540,yuv420p,29.97002997,240,8,2330514
6279406877.mp4,3.5,960,540,yuv420p,29.97002997,240,8,2104166
6722692103.mp4,3.5,960,540,yuv420p,24,192,8,917529
6907839104.mp4,3.5,960,540,yuv420p,23.97602398,192,8,3458294
7236880666.mp4,3.5,960,540,yuv420p,29.97002997,240,8,827996
8408744905.mp4,3.5,960,540,yuv420p,29.97002997,240,8,1393750
8491617830.mp4,3.5,960,540,yuv420p,23.97602398,192,8,1347280
4281436885.mp4,3.494339623,960,540,yuv420p,24,192,8,519355
5564650233.mp4,3.484251969,960,540,yuv420p,29.97002997,240,8,1131053
5354932311.mp4,3.480314961,960,540,yuv420p,24,192,8,1190289
13196703974.mp4,3.48,960,540,yuv420p,25,200,8,988877
3629928686.mp4,3.48,960,540,yuv420p,29.97002997,240,8,2651778
4161747134.mp4,3.48,960,540,yuv420p,29.97002997,240,8,2392113
4733600732.mp4,3.48,960,540,yuv420p,29.97002997,240,8,2832695
4751595925.mp4,3.48,960,540,yuv420p,29.97002997,240,8,860521
5032172516.mp4,3.48,960,540,yuv420p,29.97002997,240,8,999384
5052341075.mp4,3.48,960,540,yuv420p,23.97602398,192,8,977252
5273433233.mp4,3.48,960,540,yuv420p,29.97002997,240,8,2108316
6095633507.mp4,3.48,960,540,yuv420p,29.97002997,240,8,564594
6215522900.mp4,3.48,960,540,yuv420p,29.97002997,240,8,1641724
6849313907.mp4,3.48,960,540,yuv420p,29.97002997,240,8,1644063
7012065923.mp4,3.48,960,540,yuv420p,29.97002997,240,8,1577933
7287123594.mp4,3.48,960,540,yuv420p,29.97002997,240,8,2220603
7892371292.mp4,3.48,960,540,yuv420p,29.97002997,240,8,4293045
8084631711.mp4,3.48,960,540,yuv420p,24,192,8,849881
8495275628.mp4,3.48,960,540,yuv420p,29.97002997,240,8,3910334
8646170532.mp4,3.48,960,540,yuv420p,29.97002997,240,8,4422713
8921577578.mp4,3.48,960,540,yuv420p,29.97,240,8,1956381
4763574191.mp4,3.469230769,960,540,yuv420p,29.97002997,240,8,534353
10053703034.mp4,3.46,960,540,yuv420p,29.97,240,8,1023177
4736973814.mp4,3.46,960,540,yuv420p,29.97002997,240,8,3929996
4801224837.mp4,3.46,960,540,yuv420p,24,192,8,794004
5956380805.mp4,3.46,960,540,yuv420p,29.97002997,240,8,1307076
6340576433.mp4,3.46,960,540,yuv420p,29.97002997,240,8,3700257
6946901845.mp4,3.46,960,540,yuv420p,29.97002997,240,8,1161515
7054450817.mp4,3.46,960,540,yuv420p,24,192,8,955740
7425861358.mp4,3.46,960,540,yuv420p,29.97002997,240,8,1612879
8918155991.mp4,3.46,960,540,yuv420p,29.97,240,8,1821971
12143576166.mp4,3.44,960,540,yuv420p,29.97,240,8,758084
2999049224.mp4,3.44,960,540,yuv420p,29.97002997,240,8,1579292
3627681183.mp4,3.44,960,540,yuv420p,29.97002997,240,8,3925605
3825035703.mp4,3.44,960,540,yuv420p,29.97002997,240,8,2629748
4743183444.mp4,3.44,960,540,yuv420p,29.97002997,240,8,4320244
4801560427.mp4,3.44,960,540,yuv420p,29.97002997,240,8,2277666
5357123491.mp4,3.44,960,540,yuv420p,23.97602398,192,8,1152075
5920289173.mp4,3.44,960,540,yuv420p,29.97002997,240,8,3482975
6411380421.mp4,3.44,960,540,yuv420p,29.97002997,240,8,1400964
7521145978.mp4,3.44,960,540,yuv420p,29.97002997,240,8,1215298
7622034108.mp4,3.44,960,540,yuv420p,29.97002997,240,8,2450609
8026448058.mp4,3.44,960,540,yuv420p,25,200,8,1002961
4088281204.mp4,3.43776824,960,540,yuv420p,29.97002997,240,8,1960431
10270536464.mp4,3.42,960,540,yuv420p,29.97,240,8,5651667
11920895013.mp4,3.42,960,540,yuv420p,29.97002997,240,8,2901286
4328729913.mp4,3.42,960,540,yuv420p,29.97002997,240,8,4188336
4877128768.mp4,3.42,960,540,yuv420p,29.97002997,240,8,716353
5911601461.mp4,3.42,960,540,yuv420p,23.97602398,192,8,921697
5947649803.mp4,3.42,960,540,yuv420p,29.97002997,240,8,4018018
6621826551.mp4,3.42,960,540,yuv420p,29.97002997,240,8,1519105
6648629457.mp4,3.42,960,540,yuv420p,23.97602398,192,8,791027
7198246948.mp4,3.42,960,540,yuv420p,29.97002997,240,8,1637333
8178490084.mp4,3.42,960,540,yuv420p,29.97002997,240,8,1790556
8267321210.mp4,3.42,960,540,yuv420p,29.97002997,240,8,1397488
8455309721.mp4,3.42,960,540,yuv420p,29.97002997,240,8,1593190
9633125766.mp4,3.42,960,540,yuv420p,29.97,240,8,2023198
9732912473.mp4,3.42,960,540,yuv420p,29.97,240,8,3821800
9969637164.mp4,3.42,960,540,yuv420p,29.97,240,8,1606163
10124821225.mp4,3.4,960,540,yuv420p,29.97,240,8,1838213
10249998364.mp4,3.4,960,540,yuv420p,23.976,187,8,1749857
11617643563.mp4,3.4,960,540,yuv420p,29.97002997,240,8,788073
12823937005.mp4,3.4,960,540,yuv420p,29.97,240,8,1397107
4289215378.mp4,3.4,960,540,yuv420p,29.97002997,240,8,1619332
5902098420.mp4,3.4,960,540,yuv420p,29.97002997,240,8,3296275
6226852017.mp4,3.4,960,540,yuv420p,29.97002997,240,8,1337807
6300501644.mp4,3.4,960,540,yuv420p,24,192,8,905091
6350328925.mp4,3.4,960,540,yuv420p,23.97602398,192,8,2396503
6792594754.mp4,3.4,960,540,yuv420p,29.97002997,240,8,1218668
6794539977.mp4,3.4,960,540,yuv420p,25,200,8,2774963
7146539585.mp4,3.4,960,540,yuv420p,29.97002997,240,8,3104565
7664727482.mp4,3.4,960,540,yuv420p,29.97002997,240,8,2540670
8097209231.mp4,3.4,960,540,yuv420p,29.97002997,240,8,1725214
8380926104.mp4,3.4,960,540,yuv420p,29.97002997,240,8,2886213
9277742312.mp4,3.4,960,540,yuv420p,29.97,240,8,4846662
6242642418.mp4,3.398373984,960,540,yuv420p,29.97002997,240,8,1095699
3699089579.mp4,3.38,960,540,yuv420p,24,192,8,1235538
3810054574.mp4,3.38,960,540,yuv420p,29.97002997,240,8,4827782
5130906896.mp4,3.38,960,540,yuv420p,24,192,8,801802
5245445672.mp4,3.38,960,540,yuv420p,29.97002997,240,8,2438495
5526460224.mp4,3.38,960,540,yuv420p,29.97002997,240,8,1190320
5541058845.mp4,3.38,960,540,yuv420p,29.97002997,240,8,1122261
5611452609.mp4,3.38,960,540,yuv420p,29.97002997,240,8,3630232
6004183559.mp4,3.38,960,540,yuv420p,29.97002997,240,8,1929286
6319757818.mp4,3.38,960,540,yuv420p,29.97002997,240,8,970609
7541374876.mp4,3.38,960,540,yuv420p,29.97002997,240,8,1094579
8424428827.mp4,3.38,960,540,yuv420p,29.97002997,240,8,2434642
8484812859.mp4,3.38,960,540,yuv420p,29.97002997,240,8,1319432
8716622241.mp4,3.38,960,540,yuv420p,29.97002997,240,8,4136170
9317770917.mp4,3.38,960,540,yuv420p,29.97,240,8,1459690
12276570315.mp4,3.365217391,960,540,yuv420p,24,192,8,941619
12020933633.mp4,3.36,960,540,yuv420p,25,200,8,970893
4931493432.mp4,3.36,960,540,yuv420p,29.97002997,240,8,1279889
5363205423.mp4,3.36,960,540,yuv420p,24,192,8,44663
5641862023.mp4,3.36,960,540,yuv420p,29.97002997,240,8,505222
5769119862.mp4,3.36,960,540,yuv420p,29.97002997,240,8,3075767
6012598017.mp4,3.36,960,540,yuv420p,29.97002997,240,8,1007433
6157684615.mp4,3.36,960,540,yuv420p,29.97002997,240,8,2795270
6416687735.mp4,3.36,960,540,yuv420p,29.97002997,240,8,876115
6490001399.mp4,3.36,960,540,yuv420p,24,192,8,647983
6811275923.mp4,3.36,960,540,yuv420p,23.97602398,192,8,1138532
7760313026.mp4,3.36,960,540,yuv420p,29.97002997,240,8,2085418
8236900278.mp4,3.36,960,540,yuv420p,24,192,8,986584
8548046708.mp4,3.36,960,540,yuv420p,23.97602398,192,8,2654046
9737640625.mp4,3.36,960,540,yuv420p,23.976,181,8,1640694
5455582932.mp4,3.352272727,960,540,yuv420p,29.97002997,240,8,3002561
10838934973.mp4,3.34,960,540,yuv420p,29.97,240,8,1577614
11971608074.mp4,3.34,960,540,yuv420p,29.97002997,240,8,887823
4337949901.mp4,3.34,960,540,yuv420p,24,192,8,1093169
4526948676.mp4,3.34,960,540,yuv420p,29.97002997,240,8,1323882
5621520605.mp4,3.34,960,540,yuv420p,29.97002997,240,8,2623500
5912268467.mp4,3.34,960,540,yuv420p,29.97002997,240,8,2422561
6304997355.mp4,3.34,960,540,yuv420p,29.97002997,240,8,3160327
8522230898.mp4,3.34,960,540,yuv420p,23.97602398,192,8,1033542
9209826160.mp4,3.34,960,540,yuv420p,29.97,240,8,1965682
9434801897.mp4,3.34,960,540,yuv420p,25,200,8,2598911
9586935224.mp4,3.34,960,540,yuv420p,29.97,240,8,835344
10340094005.mp4,3.32,960,540,yuv420p,29.97,240,8,2216241
11673027224.mp4,3.32,960,540,yuv420p,29.97002997,240,8,1278827
4260295122.mp4,3.32,960,540,yuv420p,29.97002997,240,8,3165846
4265466447.mp4,3.32,960,540,yuv420p,24,192,8,1884298
4945025836.mp4,3.32,960,540,yuv420p,24,192,8,773471
5023426388.mp4,3.32,960,540,yuv420p,29.97002997,240,8,3644321
5101801222.mp4,3.32,960,540,yuv420p,29.97002997,240,8,1266286
5579073175.mp4,3.32,960,540,yuv420p,25,200,8,89378
5825661459.mp4,3.32,960,540,yuv420p,29.97002997,240,8,1763473
6041834062.mp4,3.32,960,540,yuv420p,29.97002997,240,8,1175480
6471207533.mp4,3.32,960,540,yuv420p,24,192,8,1159987
6866970306.mp4,3.32,960,540,yuv420p,29.97002997,240,8,1367150
8069868772.mp4,3.32,960,540,yuv420p,29.97002997,240,8,802567
8967888670.mp4,3.32,960,540,yuv420p,24,192,8,4274180
3337642103.mp4,3.308641975,960,540,yuv420p,29.97002997,240,8,1448037
11082897705.mp4,3.3,960,540,yuv420p,29.97,240,8,1512156
12836715003.mp4,3.3,960,540,yuv420p,29.97,240,8,653293
4391946048.mp4,3.3,960,540,yuv420p,29.97002997,227,8,1515943
4573734018.mp4,3.3,960,540,yuv420p,29.97002997,240,8,2026615
5318369391.mp4,3.3,960,540,yuv420p,29.97002997,240,8,1535100
5512609909.mp4,3.3,960,540,yuv420p,29.97002997,240,8,5633995
5672502803.mp4,3.3,960,540,yuv420p,29.97002997,240,8,1863564
6079632868.mp4,3.3,960,540,yuv420p,25,200,8,1620284
6291796040.mp4,3.3,960,540,yuv420p,29.97002997,240,8,638931
6680559525.mp4,3.3,960,540,yuv420p,29.97002997,240,8,1877910
6865667129.mp4,3.3,960,540,yuv420p,29.97002997,240,8,4374016
6981897920.mp4,3.3,960,540,yuv420p,29.97002997,240,8,3595740
7548202460.mp4,3.3,960,540,yuv420p,29.97002997,240,8,1485984
7700672030.mp4,3.3,960,540,yuv420p,29.97002997,240,8,3176148
7834396986.mp4,3.3,960,540,yuv420p,29.97002997,240,8,822669
8031519344.mp4,3.3,960,540,yuv420p,29.97002997,240,8,1707266
8322973249.mp4,3.3,960,540,yuv420p,29.97002997,240,8,1566406
8387302863.mp4,3.3,960,540,yuv420p,29.97002997,240,8,1020678
9659398278.mp4,3.3,960,540,yuv420p,29.97,240,8,1458800
11086166076.mp4,3.28,960,540,yuv420p,29.97,240,8,1498061
12816380173.mp4,3.28,960,540,yuv420p,23.97602398,192,8,2910255
4184711791.mp4,3.28,960,540,yuv420p,24,192,8,2143363
4729578673.mp4,3.28,960,540,yuv420p,29.97002997,240,8,1181488
5030830413.mp4,3.28,960,540,yuv420p,29.97002997,240,8,5393003
5127033299.mp4,3.28,960,540,yuv420p,29.97002997,240,8,1039321
5206708965.mp4,3.28,960,540,yuv420p,24,192,8,1119471
5995204968.mp4,3.28,960,540,yuv420p,29.97002997,240,8,4656396
6444142351.mp4,3.28,960,540,yuv420p,29.97002997,240,8,1789775
6937597827.mp4,3.28,960,540,yuv420p,29.97002997,240,8,4430036
7547764246.mp4,3.28,960,540,yuv420p,29.97002997,240,8,2387228
8298917863.mp4,3.28,960,540,yuv420p,24,192,8,1315200
8541047953.mp4,3.28,960,540,yuv420p,29.97002997,240,8,433187
9086621277.mp4,3.28,960,540,yuv420p,24,192,8,808299
9726323401.mp4,3.272,960,540,yuv420p,29.97,240,8,992847
5010279097.mp4,3.268907563,960,540,yuv420p,24,192,8,2394270
10655599784.mp4,3.26,960,540,yuv420p,29.97,240,8,2241053
12330492194.mp4,3.26,960,540,yuv420p,29.97,240,8,3189095
12788630734.mp4,3.26,960,540,yuv420p,29.97002997,240,8,641573
4323977167.mp4,3.26,960,540,yuv420p,29.97002997,240,8,2160676
4981160522.mp4,3.26,960,540,yuv420p,29.97002997,240,8,3444050
5005236579.mp4,3.26,960,540,yuv420p,29.97002997,240,8,1012488
5539585646.mp4,3.26,960,540,yuv420p,29.97002997,240,8,1243111
6381011947.mp4,3.26,960,540,yuv420p,29.97002997,240,8,2717754
6408909511.mp4,3.26,960,540,yuv420p,29.97002997,240,8,1745725
6660107279.mp4,3.26,960,540,yuv420p,29.97002997,240,8,2404339
6868748154.mp4,3.26,960,540,yuv420p,25,200,8,701881
8193379879.mp4,3.26,960,540,yuv420p,24,192,8,1358375
9675032717.mp4,3.26,960,540,yuv420p,25,200,8,1360395
7123482247.mp4,3.258064516,960,540,yuv420p,23.97602398,192,8,1026124
10408715786.mp4,3.253731343,960,540,yuv420p,29.97,240,8,2019225
10533906564.mp4,3.24,960,540,yuv420p,29.97,240,8,2847785
11902527296.mp4,3.24,960,540,yuv420p,29.97002997,240,8,572207
12682619933.mp4,3.24,960,540,yuv420p,29.97,240,8,823285
12989512873.mp4,3.24,960,540,yuv420p,23.976,192,8,1673721
4557456762.mp4,3.24,960,540,yuv420p,29.97002997,240,8,1216595
4987165854.mp4,3.24,960,540,yuv420p,29.97002997,240,8,348866
5921571324.mp4,3.24,960,540,yuv420p,29.97002997,240,8,2685358
6760172457.mp4,3.24,960,540,yuv420p,24,192,8,4587583
6894958520.mp4,3.24,960,540,yuv420p,29.97002997,240,8,5167862
6935410837.mp4,3.24,960,540,yuv420p,25,200,8,3492371
8207372644.mp4,3.24,960,540,yuv420p,29.97002997,240,8,3319496
8772282000.mp4,3.24,960,540,yuv420p,29.97002997,240,8,1667588
5900513019.mp4,3.231660232,960,540,yuv420p,29.97002997,240,8,571991
10314276135.mp4,3.22,960,540,yuv420p,29.97,240,8,1358618
4542323058.mp4,3.22,960,540,yuv420p,29.97002997,240,8,1871139
4842303128.mp4,3.22,960,540,yuv420p,29.97002997,240,8,1414405
5026138416.mp4,3.22,960,540,yuv420p,29.97002997,240,8,2115046
5356092090.mp4,3.22,960,540,yuv420p,29.97002997,240,8,1495127
5879908897.mp4,3.22,960,540,yuv420p,25,200,8,2227399
6210381577.mp4,3.22,960,540,yuv420p,24,192,8,1751235
8240363350.mp4,3.22,960,540,yuv420p,29.97002997,240,8,576440
8643275693.mp4,3.22,960,540,yuv420p,29.97002997,240,8,1755607
8717841410.mp4,3.22,960,540,yuv420p,29.97002997,240,8,2091159
13276560083.mp4,3.2,960,540,yuv420p,29.97002997,240,8,1292327
3482706595.mp4,3.2,960,540,yuv420p,29.97002997,240,8,2194000
4136131472.mp4,3.2,960,540,yuv420p,24,192,8,807913
4281880002.mp4,3.2,960,540,yuv420p,24,192,8,934132
4843048363.mp4,3.2,960,540,yuv420p,29.97002997,240,8,2932430
4922109288.mp4,3.2,960,540,yuv420p,29.97002997,240,8,1201526
5066571585.mp4,3.2,960,540,yuv420p,29.97002997,240,8,870403
5360118581.mp4,3.2,960,540,yuv420p,29.97002997,240,8,2584843
6273360207.mp4,3.2,960,540,yuv420p,29.97002997,240,8,1127141
6669111911.mp4,3.2,960,540,yuv420p,29.97002997,240,8,1993908
7481217984.mp4,3.2,960,540,yuv420p,29.97002997,240,8,470981
8486027818.mp4,3.2,960,540,yuv420p,29.97002997,240,8,2852516
8986658663.mp4,3.2,960,540,yuv420p,29.97,240,8,1197767
9085955167.mp4,3.2,960,540,yuv420p,29.97,240,8,3574999
12965735905.mp4,3.18,960,540,yuv420p,29.97,240,8,875136
4406917423.mp4,3.18,960,540,yuv420p,23.97602398,192,8,792942
5040855662.mp4,3.18,960,540,yuv420p,29.97002997,240,8,1385725
5075205526.mp4,3.18,960,540,yuv420p,24,192,8,1454657
5214650735.mp4,3.18,960,540,yuv420p,29.97002997,240,8,1242613
5723108521.mp4,3.18,960,540,yuv420p,29.97002997,240,8,2089181
6333567508.mp4,3.18,960,540,yuv420p,29.97002997,240,8,1132916
6868110990.mp4,3.18,960,540,yuv420p,29.97002997,240,8,3652474
6995540661.mp4,3.18,960,540,yuv420p,29.97002997,240,8,3422387
8467238180.mp4,3.18,960,540,yuv420p,29.97002997,240,8,3003640
11944451643.mp4,3.16,960,540,yuv420p,29.97002997,240,8,1001722
3589925544.mp4,3.16,960,540,yuv420p,24,192,8,1521756
4067736860.mp4,3.16,960,540,yuv420p,29.97002997,240,8,1182077
4652600104.mp4,3.16,960,540,yuv420p,29.97002997,240,8,1381882
5246827285.mp4,3.16,960,540,yuv420p,24,192,8,1221776
5467704373.mp4,3.16,960,540,yuv420p,29.97002997,240,8,2215725
5618829039.mp4,3.16,960,540,yuv420p,29.97002997,240,8,2237754
6100104774.mp4,3.16,960,540,yuv420p,29.97002997,240,8,4098053
6191735552.mp4,3.16,960,540,yuv420p,29.97002997,240,8,533999
6571028091.mp4,3.16,960,540,yuv420p,29.97002997,240,8,1670644
7341359052.mp4,3.16,960,540,yuv420p,29.97002997,240,8,1590036
7591242800.mp4,3.16,960,540,yuv420p,25,200,8,2159415
8148981356.mp4,3.16,960,540,yuv420p,29.97002997,240,8,2193235
8254380270.mp4,3.16,960,540,yuv420p,24,192,8,1042934
8435518163.mp4,3.16,960,540,yuv420p,29.97002997,240,8,1860376
8670600555.mp4,3.16,960,540,yuv420p,29.97002997,240,8,1815846
9195826668.mp4,3.16,960,540,yuv420p,29.97,240,8,1101477
9536307250.mp4,3.16,960,540,yuv420p,29.97,240,8,2667005
3240926995.mp4,3.1484375,960,540,yuv420p,29.97002997,240,8,1669912
10864372176.mp4,3.14,960,540,yuv420p,29.97002997,240,8,2667656
3699539878.mp4,3.14,960,540,yuv420p,24,192,8,997145
4202404174.mp4,3.14,960,540,yuv420p,29.97002997,240,8,2177669
4582086726.mp4,3.14,960,540,yuv420p,29.97002997,240,8,3848321
4979493912.mp4,3.14,960,540,yuv420p,29.97002997,240,8,2340914
5987864177.mp4,3.14,960,540,yuv420p,29.97002997,240,8,1890041
6021943274.mp4,3.14,960,540,yuv420p,23.97602398,192,8,4541432
6109922367.mp4,3.14,960,540,yuv420p,29.97002997,240,8,1722759
8152764264.mp4,3.14,960,540,yuv420p,29.97002997,240,8,1562561
8156543755.mp4,3.14,960,540,yuv420p,29.97002997,240,8,3494212
8266961231.mp4,3.14,960,540,yuv420p,29.97002997,240,8,3313226
8281263977.mp4,3.14,960,540,yuv420p,29.97002997,240,8,3421120
5589046662.mp4,3.134453782,960,540,yuv420p,29.97002997,240,8,1360921
3664548641.mp4,3.121568627,960,540,yuv420p,24,192,8,1280998
10208239954.mp4,3.12,960,540,yuv420p,29.97,240,8,772291
10804894696.mp4,3.12,960,540,yuv420p,23.97602398,192,8,2348560
13042523904.mp4,3.12,960,540,yuv420p,29.97002997,240,8,2580660
13255378043.mp4,3.12,960,540,yuv420p,29.97002997,240,8,712048
3425371223.mp4,3.12,960,540,yuv420p,29.97002997,240,8,758184
4809572333.mp4,3.12,960,540,yuv420p,23.97602398,192,8,957554
4864754515.mp4,3.12,960,540,yuv420p,24,192,8,1773292
5176278265.mp4,3.12,960,540,yuv420p,29.97002997,240,8,3123286
5590704113.mp4,3.12,960,540,yuv420p,29.97002997,240,8,4331056
5706858082.mp4,3.12,960,540,yuv420p,29.97002997,240,8,2761892
6047579133.mp4,3.12,960,540,yuv420p,29.97002997,240,8,979974
6527804569.mp4,3.12,960,540,yuv420p,24,192,8,1418029
6582418637.mp4,3.12,960,540,yuv420p,29.97002997,240,8,747088
6932519097.mp4,3.12,960,540,yuv420p,29.97002997,240,8,2752849
8056761129.mp4,3.12,960,540,yuv420p,29.97002997,240,8,1556614
8129160337.mp4,3.12,960,540,yuv420p,29.97002997,240,8,2106572
8536800170.mp4,3.12,960,540,yuv420p,24,192,8,1453205
10602272313.mp4,3.1,960,540,yuv420p,29.97,240,8,1712723
10609570083.mp4,3.1,960,540,yuv420p,29.97,240,8,1306251
12626612584.mp4,3.1,960,540,yuv420p,29.97,240,8,971909
12899309364.mp4,3.1,960,540,yuv420p,29.97,240,8,744554
3015973424.mp4,3.1,960,540,yuv420p,23.97602398,192,8,602939
4593126957.mp4,3.1,960,540,yuv420p,29.97002997,240,8,1655065
5143368697.mp4,3.1,960,540,yuv420p,29.97002997,240,8,3059700
5250183455.mp4,3.1,960,540,yuv420p,29.97002997,240,8,1839996
5974403907.mp4,3.1,960,540,yuv420p,23.97602398,192,8,739867
6696625151.mp4,3.1,960,540,yuv420p,29.97002997,240,8,1514195
6948249567.mp4,3.1,960,540,yuv420p,29.97002997,240,8,3018780
7520968610.mp4,3.1,960,540,yuv420p,29.97002997,240,8,1023186
7693986854.mp4,3.1,960,540,yuv420p,29.97002997,240,8,1072849
8039435442.mp4,3.1,960,540,yuv420p,29.97002997,240,8,945517
9093682547.mp4,3.1,960,540,yuv420p,23.976,192,8,3233472
10116604143.mp4,3.08,960,540,yuv420p,23.976,192,8,2418959
3359662128.mp4,3.08,960,540,yuv420p,23.97602398,192,8,2328441
3617102785.mp4,3.08,960,540,yuv420p,29.97002997,240,8,1038352
4491961485.mp4,3.08,960,540,yuv420p,24,192,8,1241413
4761429801.mp4,3.08,960,540,yuv420p,24,192,8,1952307
4867899444.mp4,3.08,960,540,yuv420p,29.97002997,240,8,3364818
4969714039.mp4,3.08,960,540,yuv420p,29.97002997,240,8,4472100
5115193359.mp4,3.08,960,540,yuv420p,29.97002997,240,8,1404048
5223525504.mp4,3.08,960,540,yuv420p,29.97002997,240,8,1805918
5260933475.mp4,3.08,960,540,yuv420p,24,192,8,1394740
6104508040.mp4,3.08,960,540,yuv420p,29.97002997,240,8,1412791
6250048696.mp4,3.08,960,540,yuv420p,29.97002997,240,8,3831003
6338210961.mp4,3.08,960,540,yuv420p,29.97002997,240,8,5490825
6439107119.mp4,3.08,960,540,yuv420p,29.97002997,240,8,1296751
6867926575.mp4,3.08,960,540,yuv420p,29.97002997,240,8,1436039
8253260683.mp4,3.08,960,540,yuv420p,24,192,8,1499146
8565847545.mp4,3.08,960,540,yuv420p,29.97002997,240,8,6491672
8733102851.mp4,3.08,960,540,yuv420p,29.97002997,240,8,3562232
11403577283.mp4,3.06,960,540,yuv420p,23.97602398,192,8,987844
3431305644.mp4,3.06,960,540,yuv420p,24,192,8,2858403
4383007820.mp4,3.06,960,540,yuv420p,29.97002997,240,8,2281127
4850105788.mp4,3.06,960,540,yuv420p,29.97002997,240,8,1985186
4876943348.mp4,3.06,960,540,yuv420p,29.97002997,240,8,2685455
5458000924.mp4,3.06,960,540,yuv420p,29.97002997,240,8,982252
5815295661.mp4,3.06,960,540,yuv420p,29.97002997,240,8,1587150
6060761361.mp4,3.06,960,540,yuv420p,29.97002997,240,8,3158646
6181812275.mp4,3.06,960,540,yuv420p,29.97002997,240,8,1342350
8005708131.mp4,3.06,960,540,yuv420p,29.97002997,240,8,2637004
8124951690.mp4,3.06,960,540,yuv420p,29.97002997,240,8,1041968
9766188655.mp4,3.06,960,540,yuv420p,29.97,240,8,2647098
10838718774.mp4,3.04,960,540,yuv420p,29.97,240,8,1618155
3263720175.mp4,3.04,960,540,yuv420p,23.97602398,192,8,2315848
3321308714.mp4,3.04,960,540,yuv420p,23.97602398,192,8,1583276
3904711682.mp4,3.04,960,540,yuv420p,29.97002997,240,8,4087392
5218123691.mp4,3.04,960,540,yuv420p,24,192,8,1639133
5329960963.mp4,3.04,960,540,yuv420p,24,192,8,726956
5633788395.mp4,3.04,960,540,yuv420p,29.97002997,240,8,3242865
5972627544.mp4,3.04,960,540,yuv420p,24,192,8,1626059
6671136435.mp4,3.04,960,540,yuv420p,29.97002997,240,8,2973691
6959318659.mp4,3.04,960,540,yuv420p,29.97002997,240,8,950296
7548330816.mp4,3.04,960,540,yuv420p,23.97602398,192,8,1148612
7969995368.mp4,3.04,960,540,yuv420p,29.97002997,240,8,941546
9459232387.mp4,3.04,960,540,yuv420p,29.97,240,8,2232466
4335304419.mp4,3.02,960,540,yuv420p,29.97002997,240,8,2089024
4414516665.mp4,3.02,960,540,yuv420p,25,200,8,2322810
4615948555.mp4,3.02,960,540,yuv420p,23.97602398,192,8,1827119
5479646341.mp4,3.02,960,540,yuv420p,29.97002997,240,8,1945058
5717841095.mp4,3.02,960,540,yuv420p,23.97602398,192,8,1985480
6021794037.mp4,3.02,960,540,yuv420p,29.97002997,240,8,783490
6518466029.mp4,3.02,960,540,yuv420p,24,192,8,1130132
6953979425.mp4,3.02,960,540,yuv420p,29.97002997,240,8,2450508
6971497024.mp4,3.02,960,540,yuv420p,29.97002997,240,8,1991816
7453163014.mp4,3.02,960,540,yuv420p,24,192,8,3817058
7526781566.mp4,3.02,960,540,yuv420p,29.97002997,240,8,3177058
7542896986.mp4,3.02,960,540,yuv420p,24,192,8,1545038
8072548302.mp4,3.02,960,540,yuv420p,29.97002997,240,8,2603556
8331470149.mp4,3.02,960,540,yuv420p,23.97602398,192,8,1356873
9089204842.mp4,3.02,960,540,yuv420p,23.976,192,8,1215385
9098899158.mp4,3.02,960,540,yuv420p,23.976,192,8,814419
10838546955.mp4,3,960,540,yuv420p,29.97,240,8,2241338
12044525214.mp4,3,960,540,yuv420p,29.97,240,8,771245
4723346787.mp4,3,960,540,yuv420p,29.97002997,240,8,1929706
4771991539.mp4,3,960,540,yuv420p,24,192,8,1153756
5218188823.mp4,3,960,540,yuv420p,24,192,8,1802301
5440091902.mp4,3,960,540,yuv420p,29.97002997,240,8,1208359
5622498540.mp4,3,960,540,yuv420p,29.97002997,240,8,2547057
5737374844.mp4,3,960,540,yuv420p,24,192,8,1281998
5786034294.mp4,3,960,540,yuv420p,23.97602398,192,8,2531448
5996750151.mp4,3,960,540,yuv420p,24,192,8,1479958
6281135899.mp4,3,960,540,yuv420p,29.97002997,240,8,2956135
8976267501.mp4,3,960,540,yuv420p,29.97,240,8,754682
9425570317.mp4,3,960,540,yuv420p,24,192,8,2313320
12274927193.mp4,2.98,960,540,yuv420p,23.97602398,192,8,1271553
4956991827.mp4,2.98,960,540,yuv420p,29.97002997,240,8,2693941
5169144673.mp4,2.98,960,540,yuv420p,29.97002997,240,8,1347571
6858182534.mp4,2.98,960,540,yuv420p,29.97002997,240,8,4522832
7402519316.mp4,2.98,960,540,yuv420p,29.97002997,240,8,2572580
7681404078.mp4,2.98,960,540,yuv420p,29.97002997,240,8,987122
8007634384.mp4,2.98,960,540,yuv420p,29.97002997,240,8,2790389
8151400613.mp4,2.98,960,540,yuv420p,29.97002997,240,8,2982240
8688311915.mp4,2.98,960,540,yuv420p,29.97002997,240,8,1536038
10016324794.mp4,2.96,960,540,yuv420p,23.976,192,8,2238398
11913590004.mp4,2.96,960,540,yuv420p,24,192,8,3765100
3357588876.mp4,2.96,960,540,yuv420p,25,200,8,938192
4286406568.mp4,2.96,960,540,yuv420p,29.97002997,240,8,768316
4870064087.mp4,2.96,960,540,yuv420p,29.97002997,240,8,1587738
5698463243.mp4,2.96,960,540,yuv420p,25,200,8,1934344
6775766604.mp4,2.96,960,540,yuv420p,29.97002997,240,8,1438081
6804829908.mp4,2.96,960,540,yuv420p,29.97002997,240,8,1221126
7897815844.mp4,2.96,960,540,yuv420p,29.97002997,240,8,4100348
8299847304.mp4,2.96,960,540,yuv420p,24,192,8,699468
9908050493.mp4,2.96,960,540,yuv420p,29.97,226,8,2014452
4020832533.mp4,2.948616601,960,540,yuv420p,23.97602398,184,8,1363902
12758594775.mp4,2.94,960,540,yuv420p,29.97002997,240,8,2501960
4932309592.mp4,2.94,960,540,yuv420p,29.97002997,240,8,4097070
5204063512.mp4,2.94,960,540,yuv420p,29.97002997,240,8,2457455
5559135240.mp4,2.94,960,540,yuv420p,24,192,8,1483267
6638842709.mp4,2.94,960,540,yuv420p,29.97002997,240,8,5721523
6830500351.mp4,2.94,960,540,yuv420p,29.97002997,240,8,2314276
7556474634.mp4,2.94,960,540,yuv420p,29.97002997,240,8,3416868
8223463984.mp4,2.94,960,540,yuv420p,29.97002997,240,8,1233751
8563986596.mp4,2.94,960,540,yuv420p,29.97002997,240,8,4636315
7208119980.mp4,2.93385214,960,540,yuv420p,29.97002997,240,8,637828
12633847193.mp4,2.92,960,540,yuv420p,29.97,240,8,3502431
3218223446.mp4,2.92,960,540,yuv420p,29.97002997,240,8,800799
3710887216.mp4,2.92,960,540,yuv420p,29.97002997,240,8,4066451
4453069241.mp4,2.92,960,540,yuv420p,29.97002997,240,8,1079384
4465669054.mp4,2.92,960,540,yuv420p,24,192,8,1384148
6408210773.mp4,2.92,960,540,yuv420p,23.97602398,192,8,1380828
6694501209.mp4,2.92,960,540,yuv420p,29.97002997,240,8,2468121
7395710342.mp4,2.92,960,540,yuv420p,29.97002997,240,8,1026164
6849945228.mp4,2.91796875,960,540,yuv420p,23.97602398,192,8,2133904
12186470506.mp4,2.9,960,540,yuv420p,29.97002997,240,8,2143827
3715429501.mp4,2.9,960,540,yuv420p,29.97002997,240,8,3055921
4236199952.mp4,2.9,960,540,yuv420p,29.97002997,240,8,1000422
4971091773.mp4,2.9,960,540,yuv420p,24,192,8,681868
5469530975.mp4,2.9,960,540,yuv420p,29.97002997,240,8,2225937
5649370618.mp4,2.9,960,540,yuv420p,29.97002997,240,8,2011461
5823644068.mp4,2.9,960,540,yuv420p,24,192,8,1128479
5988574543.mp4,2.9,960,540,yuv420p,29.97002997,240,8,4973944
5999732346.mp4,2.9,960,540,yuv420p,24,192,8,920962
7141804343.mp4,2.9,960,540,yuv420p,29.97002997,240,8,3428654
8132161360.mp4,2.9,960,540,yuv420p,24,192,8,1403183
9144368303.mp4,2.9,960,540,yuv420p,23.976,192,8,2248935
3781419322.mp4,2.89787234,960,540,yuv420p,23.97602398,192,8,1181104
10521676086.mp4,2.88,960,540,yuv420p,29.97,240,8,3270905
12923454185.mp4,2.88,960,540,yuv420p,29.97002997,240,8,778401
3179649855.mp4,2.88,960,540,yuv420p,23.97602398,192,8,2405691
4367069947.mp4,2.88,960,540,yuv420p,24,192,8,433566
5170915466.mp4,2.88,960,540,yuv420p,29.97002997,240,8,1033815
5311187352.mp4,2.88,960,540,yuv420p,29.97002997,240,8,1123875
5490599661.mp4,2.88,960,540,yuv420p,29.97002997,240,8,1338946
5561000398.mp4,2.88,960,540,yuv420p,24,192,8,908722
6065207696.mp4,2.88,960,540,yuv420p,29.97002997,240,8,4644489
6812860936.mp4,2.88,960,540,yuv420p,29.97002997,240,8,2728123
7122092993.mp4,2.88,960,540,yuv420p,29.97002997,240,8,3951396
9812197286.mp4,2.88,960,540,yuv420p,29.97,240,8,2807203
10128248563.mp4,2.86,960,540,yuv420p,29.97,240,8,3338251
10500520233.mp4,2.86,960,540,yuv420p,29.97,240,8,1845230
12912266335.mp4,2.86,960,540,yuv420p,24,192,8,1221753
3930579113.mp4,2.86,960,540,yuv420p,29.97002997,240,8,2446231
4033322131.mp4,2.86,960,540,yuv420p,29.97002997,240,8,854176
4297535685.mp4,2.86,960,540,yuv420p,29.97002997,240,8,1551099
5653702857.mp4,2.86,960,540,yuv420p,29.97002997,240,8,2228117
5668795950.mp4,2.86,960,540,yuv420p,24,192,8,1517922
6062892973.mp4,2.86,960,540,yuv420p,29.97002997,240,8,6374485
6092433561.mp4,2.86,960,540,yuv420p,29.97002997,240,8,1300986
7005478889.mp4,2.86,960,540,yuv420p,23.97602398,192,8,4456630
7117529219.mp4,2.86,960,540,yuv420p,29.97002997,240,8,2464766
7246583832.mp4,2.86,960,540,yuv420p,24,192,8,349941
7381539666.mp4,2.86,960,540,yuv420p,29.97002997,240,8,1074304
8098521993.mp4,2.86,960,540,yuv420p,29.97002997,240,8,1800322
8842319020.mp4,2.86,960,540,yuv420p,23.976,192,8,490932
9083519636.mp4,2.86,960,540,yuv420p,29.97,240,8,2931541
4299787720.mp4,2.849802372,960,540,yuv420p,29.97002997,240,8,4088771
10691750555.mp4,2.84,960,540,yuv420p,23.976,192,8,2631444
12816958564.mp4,2.84,960,540,yuv420p,25,200,8,2638265
3583315023.mp4,2.84,960,540,yuv420p,24,192,8,2154376
5379210063.mp4,2.84,960,540,yuv420p,29.97002997,240,8,2719775
6320892865.mp4,2.84,960,540,yuv420p,23.97602398,192,8,810254
6916420878.mp4,2.84,960,540,yuv420p,24,192,8,850002
8366966088.mp4,2.84,960,540,yuv420p,29.97002997,240,8,3004191
8396734122.mp4,2.84,960,540,yuv420p,24,192,8,1697943
4734666961.mp4,2.82,960,540,yuv420p,29.97002997,240,8,1648172
4901210888.mp4,2.82,960,540,yuv420p,29.97002997,240,8,899417
5149271412.mp4,2.82,960,540,yuv420p,29.97002997,240,8,1669567
5609569195.mp4,2.82,960,540,yuv420p,29.97002997,240,8,3901116
6135877141.mp4,2.82,960,540,yuv420p,24,192,8,1171870
6874423527.mp4,2.82,960,540,yuv420p,24,192,8,655553
7556185878.mp4,2.82,960,540,yuv420p,24,192,8,1011413
7734422826.mp4,2.82,960,540,yuv420p,29.97002997,240,8,2572879
3469529939.mp4,2.8,960,540,yuv420p,29.97002997,240,8,2730649
4956521693.mp4,2.8,960,540,yuv420p,29.97002997,240,8,2252848
7068941889.mp4,2.8,960,540,yuv420p,29.97002997,240,8,5628432
8182593817.mp4,2.8,960,540,yuv420p,29.97002997,240,8,4042700
7532463480.mp4,2.792828685,960,540,yuv420p,29.97002997,240,8,1336760
11057110163.mp4,2.78,960,540,yuv420p,29.97002997,240,8,2351550
5003283158.mp4,2.78,960,540,yuv420p,29.97002997,240,8,1925396
6061346837.mp4,2.78,960,540,yuv420p,29.97002997,240,8,1523191
6210062524.mp4,2.78,960,540,yuv420p,24,192,8,1249185
6879288904.mp4,2.78,960,540,yuv420p,24,192,8,1071484
7192436890.mp4,2.78,960,540,yuv420p,29.97002997,240,8,1788693
7633708420.mp4,2.78,960,540,yuv420p,23.97602398,192,8,1021538
8403451337.mp4,2.78,960,540,yuv420p,29.97002997,240,8,1367173
8728910927.mp4,2.78,960,540,yuv420p,24,192,8,1279395
8909265380.mp4,2.78,960,540,yuv420p,29.97,240,8,2368405
7344072960.mp4,2.769874477,960,540,yuv420p,24,192,8,878816
5118641893.mp4,2.76,960,540,yuv420p,24,192,8,878135
5322533709.mp4,2.76,960,540,yuv420p,29.97002997,240,8,792120
6178882861.mp4,2.76,960,540,yuv420p,29.97002997,240,8,2423502
6324422954.mp4,2.76,960,540,yuv420p,29.97002997,240,8,2615091
7812985864.mp4,2.76,960,540,yuv420p,29.97002997,240,8,3660542
7820483368.mp4,2.76,960,540,yuv420p,29.97002997,240,8,3165463
7879889838.mp4,2.76,960,540,yuv420p,29.97002997,240,8,3203488
8002170390.mp4,2.76,960,540,yuv420p,25,200,8,580483
9382662040.mp4,2.76,960,540,yuv420p,24,192,8,1011309
3878700690.mp4,2.74,960,540,yuv420p,29.97002997,240,8,3202987
4211514567.mp4,2.74,960,540,yuv420p,24,192,8,1290275
5012335397.mp4,2.74,960,540,yuv420p,29.97002997,240,8,3410075
5263261013.mp4,2.74,960,540,yuv420p,29.97002997,240,8,2273283
5754220740.mp4,2.74,960,540,yuv420p,24,192,8,1327969
5901642116.mp4,2.74,960,540,yuv420p,29.97002997,240,8,2229432
6058824138.mp4,2.74,960,540,yuv420p,29.97002997,240,8,1294062
6111574885.mp4,2.74,960,540,yuv420p,29.97002997,240,8,2971803
7173586391.mp4,2.74,960,540,yuv420p,23.97602398,192,8,1431646
7361913318.mp4,2.74,960,540,yuv420p,23.97602398,192,8,3562094
8459254855.mp4,2.74,960,540,yuv420p,29.97002997,240,8,2367966
8479364057.mp4,2.74,960,540,yuv420p,23.97602398,192,8,4045634
9494995600.mp4,2.74,960,540,yuv420p,24,192,8,1073935
4477789338.mp4,2.72,960,540,yuv420p,24,192,8,1788912
5295005655.mp4,2.72,960,540,yuv420p,24,192,8,3599216
6864942042.mp4,2.72,960,540,yuv420p,24,192,8,1012141
6867937233.mp4,2.72,960,540,yuv420p,29.97002997,240,8,1030375
6924551254.mp4,2.72,960,540,yuv420p,29.97002997,240,8,6657727
7005111650.mp4,2.72,960,540,yuv420p,23.97602398,192,8,1340279
8531461869.mp4,2.72,960,540,yuv420p,24,192,8,3476568
8586743266.mp4,2.72,960,540,yuv420p,29.97002997,240,8,1943511
11367153336.mp4,2.7,960,540,yuv420p,29.97002997,240,8,846299
3590551873.mp4,2.7,960,540,yuv420p,29.97002997,240,8,980197
4783174196.mp4,2.7,960,540,yuv420p,29.97002997,240,8,904230
5893880541.mp4,2.7,960,540,yuv420p,23.97602398,192,8,677508
6982428911.mp4,2.7,960,540,yuv420p,29.97002997,240,8,6289580
7734563104.mp4,2.7,960,540,yuv420p,23.97602398,192,8,3530221
8215074237.mp4,2.7,960,540,yuv420p,24,192,8,814579
8729448612.mp4,2.7,960,540,yuv420p,29.97,240,8,650162
9248029519.mp4,2.7,960,540,yuv420p,29.97,240,8,937293
5880475570.mp4,2.695652174,960,540,yuv420p,25,200,8,2622170
11425159465.mp4,2.68,960,540,yuv420p,29.97,240,8,2725753
3861648412.mp4,2.68,960,540,yuv420p,24,192,8,1062306
4626131441.mp4,2.68,960,540,yuv420p,23.97602398,192,8,1354902
5111411754.mp4,2.68,960,540,yuv420p,29.97002997,240,8,1502086
5162398156.mp4,2.68,960,540,yuv420p,29.97002997,240,8,862602
5203755303.mp4,2.68,960,540,yuv420p,29.97002997,225,8,2936339
5418971855.mp4,2.68,960,540,yuv420p,29.97002997,240,8,1272352
6554989029.mp4,2.68,960,540,yuv420p,24,192,8,2584212
6868246166.mp4,2.68,960,540,yuv420p,24,192,8,2124077
8689455432.mp4,2.68,960,540,yuv420p,29.97002997,240,8,1383750
9387089233.mp4,2.68,960,540,yuv420p,29.97,240,8,1762725
11925275803.mp4,2.66,960,540,yuv420p,29.97002997,240,8,2540242
13291575674.mp4,2.66,960,540,yuv420p,29.97002997,240,8,1427573
5694745216.mp4,2.66,960,540,yuv420p,24,192,8,763153
5827345790.mp4,2.66,960,540,yuv420p,29.97002997,240,8,3428979
6059786344.mp4,2.66,960,540,yuv420p,29.97002997,240,8,936301
6208528782.mp4,2.66,960,540,yuv420p,29.97002997,240,8,1956406
7616950966.mp4,2.66,960,540,yuv420p,29.97002997,240,8,3010756
8230249635.mp4,2.66,960,540,yuv420p,29.97002997,240,8,2606337
8235549337.mp4,2.66,960,540,yuv420p,29.97002997,240,8,1686712
12032110574.mp4,2.64,960,540,yuv420p,25,200,8,1900583
4565232312.mp4,2.64,960,540,yuv420p,29.97002997,240,8,1162745
4836718842.mp4,2.64,960,540,yuv420p,29.97002997,240,8,1842863
5110540070.mp4,2.64,960,540,yuv420p,29.97002997,240,8,2679713
6296962313.mp4,2.64,960,540,yuv420p,29.97002997,240,8,3394195
6343817087.mp4,2.64,960,540,yuv420p,29.97002997,240,8,968996
7959542546.mp4,2.64,960,540,yuv420p,24,192,8,2522889
8319369964.mp4,2.64,960,540,yuv420p,29.97002997,240,8,3830238
10406095776.mp4,2.62,960,540,yuv420p,29.97,240,8,2175866
6073473868.mp4,2.62,960,540,yuv420p,24,192,8,1179730
6280406572.mp4,2.62,960,540,yuv420p,24,192,8,1847763
8667333526.mp4,2.62,960,540,yuv420p,25,200,8,364975
8078127133.mp4,2.618867925,960,540,yuv420p,29.97002997,240,8,1603813
11435365925.mp4,2.6,960,540,yuv420p,29.97,240,8,3416042
5222599467.mp4,2.6,960,540,yuv420p,29.97002997,240,8,1363699
5369095478.mp4,2.6,960,540,yuv420p,29.97002997,240,8,1459824
6096558457.mp4,2.6,960,540,yuv420p,29.97002997,240,8,2677941
6346933640.mp4,2.6,960,540,yuv420p,23.97602398,192,8,891713
6838572151.mp4,2.6,960,540,yuv420p,24,192,8,1050628
6971905222.mp4,2.6,960,540,yuv420p,29.97002997,240,8,1611853
7151780093.mp4,2.6,960,540,yuv420p,29.97002997,240,8,579725
7383232724.mp4,2.6,960,540,yuv420p,29.97002997,240,8,2989244
8078333220.mp4,2.6,960,540,yuv420p,29.97002997,240,8,1868098
5147152978.mp4,2.597609562,960,540,yuv420p,29.97002997,240,8,1422611
10238939436.mp4,2.58,960,540,yuv420p,23.976,192,8,2021581
12031712185.mp4,2.58,960,540,yuv420p,25,200,8,1534598
3591184129.mp4,2.58,960,540,yuv420p,29.97002997,240,8,2359101
4573266245.mp4,2.58,960,540,yuv420p,29.97002997,240,8,2262375
5805360253.mp4,2.58,960,540,yuv420p,24,192,8,433766
6215542986.mp4,2.58,960,540,yuv420p,29.97002997,240,8,2353228
6929069239.mp4,2.58,960,540,yuv420p,29.97002997,240,8,5835723
8217524401.mp4,2.58,960,540,yuv420p,24,192,8,648537
9524637688.mp4,2.58,960,540,yuv420p,29.97,240,8,1839755
4573314147.mp4,2.56,960,540,yuv420p,29.97002997,240,8,1208971
4642004278.mp4,2.56,960,540,yuv420p,29.97002997,240,8,2512309
4996677282.mp4,2.56,960,540,yuv420p,29.97002997,240,8,2499656
5266562897.mp4,2.56,960,540,yuv420p,29.97002997,240,8,3226551
6223104346.mp4,2.56,960,540,yuv420p,29.97002997,240,8,2268566
6724048499.mp4,2.56,960,540,yuv420p,29.97002997,240,8,1000182
7819697028.mp4,2.56,960,540,yuv420p,29.97002997,240,8,2307328
9651230522.mp4,2.56,960,540,yuv420p,29.97,240,8,863049
4270576961.mp4,2.54,960,540,yuv420p,29.97002997,240,8,905723
5409101281.mp4,2.54,960,540,yuv420p,29.97002997,240,8,860570
5644303578.mp4,2.54,960,540,yuv420p,29.97002997,240,8,333596
6024650797.mp4,2.54,960,540,yuv420p,29.97002997,240,8,1470133
8583146942.mp4,2.54,960,540,yuv420p,29.97002997,240,8,2704507
8604343265.mp4,2.54,960,540,yuv420p,23.97602398,192,8,1254207
10411421606.mp4,2.52,960,540,yuv420p,29.97,240,8,451902
4159445902.mp4,2.52,960,540,yuv420p,23.97602398,192,8,3127178
4889669313.mp4,2.52,960,540,yuv420p,29.97002997,240,8,2032439
5004709068.mp4,2.52,960,540,yuv420p,23.97602398,192,8,2366780
5621374631.mp4,2.52,960,540,yuv420p,29.97002997,240,8,2093796
5636445745.mp4,2.52,960,540,yuv420p,29.97002997,240,8,2384235
5960200024.mp4,2.52,960,540,yuv420p,29.97002997,240,8,2085652
6294328198.mp4,2.52,960,540,yuv420p,29.97002997,240,8,1134984
6812062788.mp4,2.52,960,540,yuv420p,29.97002997,240,8,1283637
7938991482.mp4,2.52,960,540,yuv420p,29.97002997,240,8,1568482
12439507093.mp4,2.5,960,540,yuv420p,24,192,8,1115992
12952440214.mp4,2.5,960,540,yuv420p,29.97002997,240,8,1164056
5072411175.mp4,2.5,960,540,yuv420p,24,192,8,3397541
5493602442.mp4,2.5,960,540,yuv420p,24,192,8,1475523
5620430600.mp4,2.5,960,540,yuv420p,29.97002997,240,8,1222156
6015938306.mp4,2.5,960,540,yuv420p,29.97002997,240,8,2861689
8675766145.mp4,2.5,960,540,yuv420p,29.97002997,240,8,1183170
9298912586.mp4,2.5,960,540,yuv420p,24,192,8,1257825
3744752110.mp4,2.48,960,540,yuv420p,24,192,8,1051587
4871910775.mp4,2.48,960,540,yuv420p,29.97002997,240,8,3848671
5319413177.mp4,2.48,960,540,yuv420p,24,192,8,1639544
5858864133.mp4,2.48,960,540,yuv420p,29.97002997,240,8,2113735
5941894437.mp4,2.48,960,540,yuv420p,29.97002997,240,8,1054341
6340146486.mp4,2.48,960,540,yuv420p,25,200,8,829140
7177427229.mp4,2.48,960,540,yuv420p,23.97602398,192,8,2893793
8013211059.mp4,2.48,960,540,yuv420p,25,200,8,1271126
8317937019.mp4,2.48,960,540,yuv420p,29.97002997,240,8,4382841
8699104416.mp4,2.48,960,540,yuv420p,23.97602398,192,8,1307180
8731237129.mp4,2.48,960,540,yuv420p,24,192,8,2210648
10785115855.mp4,2.46,960,540,yuv420p,29.97,240,8,1081489
4897814885.mp4,2.46,960,540,yuv420p,25,200,8,1538675
5119193300.mp4,2.46,960,540,yuv420p,29.97002997,240,8,1576586
5346134105.mp4,2.46,960,540,yuv420p,29.97002997,240,8,3534717
5550087163.mp4,2.46,960,540,yuv420p,29.97002997,240,8,871146
5564209652.mp4,2.46,960,540,yuv420p,29.97002997,240,8,1644642
5668545266.mp4,2.46,960,540,yuv420p,24,192,8,758382
6422437813.mp4,2.46,960,540,yuv420p,29.97002997,240,8,1141751
7708735292.mp4,2.46,960,540,yuv420p,24,192,8,1000449
8039356416.mp4,2.46,960,540,yuv420p,29.97002997,240,8,2099479
8532196494.mp4,2.46,960,540,yuv420p,29.97002997,240,8,1119954
3561516939.mp4,2.44,960,540,yuv420p,29.97002997,240,8,1173549
5268797415.mp4,2.44,960,540,yuv420p,24,192,8,1085873
5914119796.mp4,2.44,960,540,yuv420p,29.97002997,240,8,2111705
7547384258.mp4,2.44,960,540,yuv420p,29.97002997,240,8,2467295
3339387387.mp4,2.42,960,540,yuv420p,29.97002997,240,8,1576145
4866009712.mp4,2.42,960,540,yuv420p,29.97002997,240,8,3033865
5392736832.mp4,2.42,960,540,yuv420p,24,192,8,640560
5415012877.mp4,2.42,960,540,yuv420p,23.97602398,192,8,947056
7495255120.mp4,2.42,960,540,yuv420p,23.97602398,192,8,3275070
8092884510.mp4,2.42,960,540,yuv420p,24,192,8,723567
11359714186.mp4,2.4,960,540,yuv420p,29.97,240,8,672363
12099271596.mp4,2.4,960,540,yuv420p,24,192,8,1725701
3343535739.mp4,2.4,960,540,yuv420p,29.97002997,240,8,563725
4095112467.mp4,2.4,960,540,yuv420p,29.97002997,240,8,1385502
5020714258.mp4,2.4,960,540,yuv420p,23.97602398,192,8,1777388
5424989067.mp4,2.4,960,540,yuv420p,29.97002997,240,8,1396490
5850199057.mp4,2.4,960,540,yuv420p,29.97002997,240,8,797458
5858312093.mp4,2.4,960,540,yuv420p,29.97002997,240,8,1985432
6096480589.mp4,2.4,960,540,yuv420p,29.97002997,240,8,1108843
6469679863.mp4,2.4,960,540,yuv420p,29.97002997,240,8,1507646
6917745987.mp4,2.4,960,540,yuv420p,23.97602398,192,8,4718009
7136906983.mp4,2.4,960,540,yuv420p,29.97002997,240,8,3087658
7897750494.mp4,2.4,960,540,yuv420p,24,192,8,266425
8140107150.mp4,2.4,960,540,yuv420p,24,192,8,1302784
8281880253.mp4,2.4,960,540,yuv420p,24,192,8,1122609
8933125503.mp4,2.4,960,540,yuv420p,29.97,240,8,2621294
3504083604.mp4,2.38,960,540,yuv420p,29.97002997,240,8,1410371
4472493392.mp4,2.38,960,540,yuv420p,23.97602398,192,8,1636859
5865474554.mp4,2.38,960,540,yuv420p,29.97002997,240,8,420686
6497857295.mp4,2.38,960,540,yuv420p,29.97002997,240,8,1429821
7517202292.mp4,2.38,960,540,yuv420p,29.97002997,240,8,1293514
8415984918.mp4,2.38,960,540,yuv420p,23.97602398,192,8,1934297
4506003922.mp4,2.36,960,540,yuv420p,23.97602398,192,8,1446331
5107749210.mp4,2.36,960,540,yuv420p,29.97002997,240,8,1408491
5790468384.mp4,2.36,960,540,yuv420p,24,192,8,2154488
7722155622.mp4,2.36,960,540,yuv420p,24,192,8,1012969
8591330227.mp4,2.36,960,540,yuv420p,25,200,8,3681501
8635322862.mp4,2.36,960,540,yuv420p,29.97002997,240,8,1154995
9717753449.mp4,2.36,960,540,yuv420p,23.976,192,8,1739911
3763235915.mp4,2.343873518,960,540,yuv420p,24,192,8,2721039
12387439244.mp4,2.34,960,540,yuv420p,29.97,240,8,3200218
4258186896.mp4,2.34,960,540,yuv420p,29.97002997,240,8,1396853
7550224002.mp4,2.34,960,540,yuv420p,24,192,8,1330520
10404182556.mp4,2.32,960,540,yuv420p,29.97,240,8,1233315
4773686738.mp4,2.32,960,540,yuv420p,29.97002997,240,8,919553
4970919913.mp4,2.32,960,540,yuv420p,24,192,8,1378880
5133219451.mp4,2.32,960,540,yuv420p,24,185,8,2893428
6270222640.mp4,2.32,960,540,yuv420p,29.97002997,240,8,1241157
7175971942.mp4,2.32,960,540,yuv420p,29.97002997,240,8,947463
7287459080.mp4,2.32,960,540,yuv420p,29.97002997,240,8,2598830
8304230962.mp4,2.32,960,540,yuv420p,24,192,8,2087695
8632107216.mp4,2.32,960,540,yuv420p,29.97002997,240,8,1963664
10127250986.mp4,2.3,960,540,yuv420p,29.97,240,8,3054112
10201521555.mp4,2.3,960,540,yuv420p,23.976,192,8,1628162
3318634083.mp4,2.3,960,540,yuv420p,29.97002997,240,8,1824519
4629711727.mp4,2.3,960,540,yuv420p,24,192,8,3836022
5266882983.mp4,2.3,960,540,yuv420p,29.97002997,240,8,537752
5412442677.mp4,2.3,960,540,yuv420p,29.97002997,240,8,1600194
5777975441.mp4,2.3,960,540,yuv420p,29.97002997,240,8,3327102
5869559051.mp4,2.3,960,540,yuv420p,29.97002997,240,8,2911300
8478531549.mp4,2.3,960,540,yuv420p,29.97002997,240,8,3819301
5009379117.mp4,2.299595142,960,540,yuv420p,29.97002997,235,8,2632182
11469243925.mp4,2.28,960,540,yuv420p,29.97,240,8,4808864
3533765114.mp4,2.28,960,540,yuv420p,24,192,8,1392371
4735334918.mp4,2.28,960,540,yuv420p,29.97002997,240,8,1010096
5014400375.mp4,2.28,960,540,yuv420p,29.97002997,240,8,2926774
6329730783.mp4,2.28,960,540,yuv420p,24,192,8,1058028
7390590300.mp4,2.28,960,540,yuv420p,23.97602398,192,8,703807
8251526312.mp4,2.28,960,540,yuv420p,29.97002997,240,8,3323965
8440795977.mp4,2.28,960,540,yuv420p,29.97002997,240,8,1405100
8479579728.mp4,2.28,960,540,yuv420p,29.97002997,240,8,3284228
8507613491.mp4,2.28,960,540,yuv420p,29.97002997,240,8,4560749
11237101334.mp4,2.26,960,540,yuv420p,24,192,8,2443381
3934294391.mp4,2.26,960,540,yuv420p,29.97002997,240,8,1050763
4206970561.mp4,2.26,960,540,yuv420p,23.97602398,192,8,836403
4966446054.mp4,2.26,960,540,yuv420p,24,192,8,4797517
5093919014.mp4,2.26,960,540,yuv420p,29.97002997,240,8,993592
5134417428.mp4,2.26,960,540,yuv420p,29.97002997,240,8,2860773
5419510404.mp4,2.26,960,540,yuv420p,25,200,8,1566330
5636101558.mp4,2.26,960,540,yuv420p,24,192,8,883071
8729280042.mp4,2.26,960,540,yuv420p,24,192,8,1289100
9234105504.mp4,2.26,960,540,yuv420p,23.976,192,8,1296437
9256674744.mp4,2.26,960,540,yuv420p,29.97,240,8,1103283
6629527951.mp4,2.25498008,960,540,yuv420p,24,192,8,968550
6740483069.mp4,2.2421875,960,540,yuv420p,29.97002997,240,8,2949580
3374751086.mp4,2.24,960,540,yuv420p,23.97602398,192,8,1302597
4005506137.mp4,2.24,960,540,yuv420p,23.97602398,192,8,719272
4915461487.mp4,2.24,960,540,yuv420p,24,192,8,3150855
5045897151.mp4,2.24,960,540,yuv420p,29.97002997,240,8,993985
5208145791.mp4,2.24,960,540,yuv420p,29.97002997,240,8,1440576
5310216885.mp4,2.24,960,540,yuv420p,29.97002997,240,8,2259280
5453773681.mp4,2.24,960,540,yuv420p,29.97002997,240,8,2542537
5806274886.mp4,2.24,960,540,yuv420p,24,192,8,3612844
6059351914.mp4,2.24,960,540,yuv420p,24,192,8,743329
7548305462.mp4,2.24,960,540,yuv420p,23.97602398,192,8,1073039
10716551125.mp4,2.22,960,540,yuv420p,25,200,8,4445582
5433352304.mp4,2.22,960,540,yuv420p,29.97002997,240,8,1221963
5553355582.mp4,2.22,960,540,yuv420p,29.97002997,240,8,838934
6123040072.mp4,2.22,960,540,yuv420p,24,192,8,1225480
8320880668.mp4,2.22,960,540,yuv420p,24,192,8,732191
8433382995.mp4,2.22,960,540,yuv420p,23.97602398,192,8,983242
9189459433.mp4,2.22,960,540,yuv420p,25,200,8,2278941
9455400456.mp4,2.22,960,540,yuv420p,24,192,8,1110795
4866613201.mp4,2.2,960,540,yuv420p,29.97002997,240,8,2483813
4914377539.mp4,2.2,960,540,yuv420p,29.97002997,240,8,4279817
5031142078.mp4,2.2,960,540,yuv420p,24,192,8,2946649
6173852301.mp4,2.2,960,540,yuv420p,29.97002997,240,8,1609051
6370967061.mp4,2.2,960,540,yuv420p,24,192,8,847736
8731159058.mp4,2.2,960,540,yuv420p,29.97,240,8,1358870
10102107193.mp4,2.18,960,540,yuv420p,25,200,8,986384
5044148124.mp4,2.18,960,540,yuv420p,29.97002997,240,8,1708945
5460258278.mp4,2.18,960,540,yuv420p,29.97002997,240,8,871262
7962972726.mp4,2.18,960,540,yuv420p,29.97002997,240,8,1844205
8278672659.mp4,2.18,960,540,yuv420p,23.97602398,192,8,679149
8685321568.mp4,2.18,960,540,yuv420p,24,181,8,2325609
11061444876.mp4,2.16,960,540,yuv420p,29.97002997,240,8,3108914
11907021903.mp4,2.16,960,540,yuv420p,29.97,240,8,2689311
12461764004.mp4,2.16,960,540,yuv420p,23.97602398,192,8,2377508
4820762619.mp4,2.16,960,540,yuv420p,29.97002997,240,8,563535
5115335471.mp4,2.16,960,540,yuv420p,29.97002997,240,8,2775867
5819852885.mp4,2.16,960,540,yuv420p,29.97002997,240,8,1633401
8324243833.mp4,2.16,960,540,yuv420p,29.97002997,240,8,918914
5078125268.mp4,2.14,960,540,yuv420p,29.97002997,240,8,1991876
6149591212.mp4,2.14,960,540,yuv420p,29.97002997,240,8,996838
6346026937.mp4,2.14,960,540,yuv420p,23.97602398,192,8,1563355
8587927758.mp4,2.14,960,540,yuv420p,24,192,8,1758140
5134310379.mp4,2.12,960,540,yuv420p,29.97002997,240,8,4686538
8069024908.mp4,2.12,960,540,yuv420p,29.97002997,240,8,1106746
9136867624.mp4,2.12,960,540,yuv420p,29.97,240,8,1050104
7917797604.mp4,2.105660377,960,540,yuv420p,29.97002997,240,8,1246349
10625504535.mp4,2.1,960,540,yuv420p,29.97,240,8,2203974
8144762018.mp4,2.1,960,540,yuv420p,24,192,8,3077792
8477990214.mp4,2.1,960,540,yuv420p,24,192,8,564714
9000209228.mp4,2.1,960,540,yuv420p,25,200,8,1868895
9564154386.mp4,2.1,960,540,yuv420p,29.97,240,8,733034
8554748075.mp4,2.089068826,960,540,yuv420p,23.97602398,192,8,1557667
3496871384.mp4,2.08,960,540,yuv420p,29.97002997,240,8,2369498
4775312025.mp4,2.08,960,540,yuv420p,29.97002997,240,8,1040049
5625415555.mp4,2.08,960,540,yuv420p,23.97602398,192,8,2153520
7651248048.mp4,2.08,960,540,yuv420p,24,192,8,1738501
8336226077.mp4,2.08,960,540,yuv420p,29.97002997,240,8,6974376
8372557828.mp4,2.08,960,540,yuv420p,29.97002997,240,8,873804
9618443862.mp4,2.08,960,540,yuv420p,29.97,240,8,1343133
9765162404.mp4,2.08,960,540,yuv420p,29.97,240,8,2347535
10716218856.mp4,2.06,960,540,yuv420p,23.976,192,8,1268324
4639129836.mp4,2.06,960,540,yuv420p,29.97002997,240,8,3035962
4959664675.mp4,2.06,960,540,yuv420p,24,192,8,1488168
5733977738.mp4,2.06,960,540,yuv420p,24,192,8,1372174
6212970517.mp4,2.06,960,540,yuv420p,29.97002997,240,8,1085578
7123683275.mp4,2.06,960,540,yuv420p,24,192,8,663468
7171297739.mp4,2.06,960,540,yuv420p,23.97602398,192,8,1663446
8195899669.mp4,2.06,960,540,yuv420p,29.97002997,240,8,4465727
9427595515.mp4,2.06,960,540,yuv420p,29.97,240,8,1706856
5460445525.mp4,2.04,960,540,yuv420p,24,192,8,755931
5506184490.mp4,2.04,960,540,yuv420p,29.97002997,240,8,2211039
5956265529.mp4,2.04,960,540,yuv420p,29.97002997,240,8,1314685
6120978816.mp4,2.04,960,540,yuv420p,24,192,8,1558258
8582023917.mp4,2.04,960,540,yuv420p,29.97002997,240,8,2232344
8663100289.mp4,2.034883721,960,540,yuv420p,24,192,8,658835
6749780445.mp4,2.02,960,540,yuv420p,29.97002997,240,8,1287928
7545358086.mp4,2.02,960,540,yuv420p,24,192,8,1252515
8110008288.mp4,2.02,960,540,yuv420p,24,192,8,1599118
8527434285.mp4,2.02,960,540,yuv420p,29.97002997,240,8,946632
4907486229.mp4,2,960,540,yuv420p,29.97002997,240,8,673103
6008700446.mp4,2,960,540,yuv420p,29.97002997,240,8,2168459
8592011515.mp4,2,960,540,yuv420p,24,192,8,552183
8339870239.mp4,1.992063492,960,540,yuv420p,24,192,8,3065402
4823416929.mp4,1.98,960,540,yuv420p,29.97002997,240,8,1016245
4991520511.mp4,1.98,960,540,yuv420p,29.97002997,240,8,1029739
7087189849.mp4,1.98,960,540,yuv420p,24,192,8,2858911
8257892715.mp4,1.98,960,540,yuv420p,29.97002997,240,8,602498
9047671138.mp4,1.98,960,540,yuv420p,29.97,240,8,3635582
4677538291.mp4,1.96,960,540,yuv420p,29.97002997,240,8,584515
4933934170.mp4,1.96,960,540,yuv420p,29.97002997,240,8,2383890
6299595444.mp4,1.96,960,540,yuv420p,29.97002997,240,8,2269284
11688667226.mp4,1.94,960,540,yuv420p,29.97,240,8,742384
5504464599.mp4,1.94,960,540,yuv420p,24,192,8,1446096
6131895268.mp4,1.94,960,540,yuv420p,29.97002997,240,8,714423
9814654176.mp4,1.94,960,540,yuv420p,29.97,240,8,1364245
7495449440.mp4,1.92,960,540,yuv420p,29.97002997,240,8,1899799
8017059368.mp4,1.907172996,960,540,yuv420p,29.97002997,240,8,1778850
6661657005.mp4,1.9,960,540,yuv420p,29.97002997,240,8,2254007
7983363078.mp4,1.9,960,540,yuv420p,24,192,8,1332074
10417424703.mp4,1.88,960,540,yuv420p,29.97,240,8,1863137
6783810490.mp4,1.88,960,540,yuv420p,29.97002997,240,8,1095468
11095294653.mp4,1.86,960,540,yuv420p,29.97,240,8,1546690
3770747002.mp4,1.86,960,540,yuv420p,29.97002997,240,8,1525456
5935222726.mp4,1.86,960,540,yuv420p,29.97002997,240,8,869967
5962679589.mp4,1.86,960,540,yuv420p,29.97002997,240,8,1106569
7848940332.mp4,1.86,960,540,yuv420p,29.97002997,240,8,1686006
6268902756.mp4,1.843137255,960,540,yuv420p,23.97602398,192,8,2960461
4879585643.mp4,1.84,960,540,yuv420p,29.97002997,240,8,3970485
5043852749.mp4,1.84,960,540,yuv420p,29.97002997,235,8,1262158
5048882871.mp4,1.84,960,540,yuv420p,24,192,8,2315453
5150451769.mp4,1.84,960,540,yuv420p,25,200,8,1467477
8625682550.mp4,1.84,960,540,yuv420p,24,192,8,1894602
4905336825.mp4,1.828125,960,540,yuv420p,29.97002997,240,8,1763386
10694139655.mp4,1.82,960,540,yuv420p,23.976,192,8,1618218
4321531777.mp4,1.82,960,540,yuv420p,29.97002997,240,8,1733578
6275674780.mp4,1.82,960,540,yuv420p,24,192,8,1084049
6323632937.mp4,1.82,960,540,yuv420p,24,192,8,1018693
9058636581.mp4,1.82,960,540,yuv420p,29.97,240,8,1908924
12567402335.mp4,1.8,960,540,yuv420p,29.97,240,8,6275575
6268574586.mp4,1.8,960,540,yuv420p,23.97602398,192,8,1129750
6497033987.mp4,1.8,960,540,yuv420p,29.97002997,240,8,1335176
6792979288.mp4,1.78,960,540,yuv420p,24,192,8,462474
7863416600.mp4,1.78,960,540,yuv420p,29.97002997,240,8,1927217
7978973307.mp4,1.78,960,540,yuv420p,29.97002997,240,8,1062602
11635304003.mp4,1.74,960,540,yuv420p,29.97002997,240,8,1474077
4834450895.mp4,1.74,960,540,yuv420p,29.97002997,240,8,1114758
5266893553.mp4,1.74,960,540,yuv420p,29.97002997,240,8,1366585
5475555707.mp4,1.74,960,540,yuv420p,29.97002997,240,8,1484799
4204485800.mp4,1.72972973,960,540,yuv420p,29.97002997,240,8,1811677
5542380796.mp4,1.72,960,540,yuv420p,24,185,8,1430291
5993312864.mp4,1.72,960,540,yuv420p,29.97002997,240,8,740084
6369679907.mp4,1.72,960,540,yuv420p,29.97002997,240,8,4876223
10178280003.mp4,1.7,960,540,yuv420p,29.97,240,8,1782811
10650618913.mp4,1.7,960,540,yuv420p,29.97,240,8,1677344
4627984833.mp4,1.7,960,540,yuv420p,29.97002997,240,8,2523698
6223028206.mp4,1.68,960,540,yuv420p,29.97002997,240,8,2582809
6238991743.mp4,1.68,960,540,yuv420p,29.97002997,240,8,2503857
7558781186.mp4,1.68,960,540,yuv420p,25,200,8,1001706
8643336872.mp4,1.68,960,540,yuv420p,29.97002997,240,8,889785
4177089041.mp4,1.66,960,540,yuv420p,29.97002997,240,8,1749416
4970624827.mp4,1.66,960,540,yuv420p,25,200,8,1831366
8222762296.mp4,1.66,960,540,yuv420p,29.97002997,240,8,643303
10132105415.mp4,1.64,960,540,yuv420p,29.97,240,8,1201765
4472730048.mp4,1.622406639,960,540,yuv420p,29.97002997,240,8,365663
6985991227.mp4,1.62,960,540,yuv420p,29.97002997,240,8,1596000
10672253555.mp4,1.614785992,960,540,yuv420p,29.97,240,8,3130643
5927908371.mp4,1.6,960,540,yuv420p,29.97002997,240,8,9660686
6079875162.mp4,1.6,960,540,yuv420p,29.97002997,240,8,6851179
3887621073.mp4,1.58,960,540,yuv420p,29.97002997,240,8,1768430
4265470174.mp4,1.56,960,540,yuv420p,29.97002997,240,8,1767815
5570426341.mp4,1.56,960,540,yuv420p,24,192,8,525109
7074513729.mp4,1.56,960,540,yuv420p,29.97002997,240,8,4071187
3471567822.mp4,1.52,960,540,yuv420p,29.97002997,240,8,1313443
6184163826.mp4,1.52,960,540,yuv420p,29.97002997,240,8,4561759
9369433766.mp4,1.52,960,540,yuv420p,23.976,181,8,1418359
9445782126.mp4,1.52,960,540,yuv420p,29.97,240,8,1320336
6028497716.mp4,1.48,960,540,yuv420p,24,192,8,743572
10925288616.mp4,1.46,960,540,yuv420p,24,192,8,3688742
6807638360.mp4,1.46,960,540,yuv420p,24,192,8,906732
8483400755.mp4,1.46,960,540,yuv420p,29.97002997,240,8,3900277
4744073127.mp4,1.42,960,540,yuv420p,29.97002997,240,8,1330777
8724380666.mp4,1.4,960,540,yuv420p,29.97002997,240,8,718575
5319047612.mp4,1.346863469,960,540,yuv420p,29.97002997,240,8,3342988
6408325533.mp4,1.26,960,540,yuv420p,29.97002997,240,8,4271015
8536919744.mp4,1.22,960,540,yuv420p,24,192,8,480856